gu_name,dong_name,intro
중구,다동,"다동은 서울 중구 도심 업무지구에 위치한 법정동으로, 을지로입구역과 청계천, 무교동 일대와 가깝다. 오피스 빌딩과 음식점, 금융·업무 시설이 밀집해 직장인 유동인구가 많고, 서울 중심부의 업무·상업 기능이 두드러지는 지역이다."
중구,정동,"정동은 서울 중구 서쪽 도심에 위치한 역사·문화 성격이 강한 법정동이다. 덕수궁, 정동길, 주한 외국공관, 학교와 문화시설이 자리해 근대 역사 경관이 잘 남아 있으며, 시청·광화문 업무지구와도 가까운 지역이다."
중구,초동,"초동은 서울 중구 충무로와 을지로 사이에 위치한 도심 법정동이다. 충무로역, 을지로3가역과 인접하고 인쇄·영상·상업 관련 업종이 분포하며, 명동과 을지로 상권을 연결하는 입지로 도심 업무와 생활 기능이 함께 나타난다."
중구,남창동,"남창동은 서울 중구 남대문시장 일대에 위치한 법정동이다. 회현역과 숭례문, 서울역 방면과 가까우며, 전통시장과 도소매 상권, 음식점이 밀집해 있다. 오래된 상업 기능과 도심 교통 접근성이 결합된 지역으로 볼 수 있다."
중구,남학동,"남학동은 서울 중구 충무로와 명동 생활권 사이에 있는 소규모 도심 법정동이다. 충무로역과 명동역 접근성이 좋고, 인근에 상업시설과 업무시설, 인쇄·문화 관련 업종이 분포해 도심 상권의 배후 성격을 지닌다."
중구,무교동,"무교동은 서울 중구 시청과 청계천 사이에 위치한 도심 업무 지역이다. 시청역과 을지로입구역, 광화문 업무지구와 가까우며, 오피스와 음식점, 금융기관이 밀집해 평일 직장인 유동인구가 많은 상업·업무 중심지다."
중구,무학동,"무학동은 서울 중구 신당동과 청구역 인근에 위치한 법정동이다. 동대문과 약수동 방면 접근성이 좋고, 주거지와 근린생활시설이 혼재한다. 주변의 전통시장과 생활상권을 배후로 한 도심 동부의 생활권 성격이 강하다."
중구,묵정동,"묵정동은 서울 중구 장충동과 충무로 사이에 자리한 법정동이다. 동국대학교, 장충단공원, 충무로역과 가까워 교육·문화시설과 도심 상업 기능을 함께 이용하기 좋으며, 남산 동쪽 생활권과 연결되는 입지다."
중구,방산동,"방산동은 서울 중구 청계천과 을지로 사이에 위치한 법정동이다. 방산시장과 인쇄·포장 관련 업종이 잘 알려져 있으며, 을지로4가역과 가까워 도심 산업 상권과 전통시장 기능이 함께 발달한 지역이다."
중구,북창동,"북창동은 서울 중구 시청과 남대문로 사이에 위치한 도심 상업 지역이다. 음식점과 숙박시설, 오피스가 밀집해 직장인과 방문객 유동이 많으며, 시청역·회현역·명동 상권과 가까운 입지적 장점이 있다."
중구,산림동,"산림동은 서울 중구 을지로와 청계천 주변에 위치한 법정동이다. 공구, 금속, 조명 등 도심 제조·유통 업종이 분포하고 을지로 상권과 연결된다. 오래된 산업 기반과 소규모 상업시설이 함께 남아 있는 지역이다."
중구,삼각동,"삼각동은 서울 중구 명동과 을지로입구역 사이 도심에 위치한 법정동이다. 오피스, 상업시설, 음식점이 밀집하고 청계천과 명동 상권 접근성이 좋다. 업무와 쇼핑, 관광 기능이 교차하는 서울 중심부의 소규모 지역이다."
중구,소공동,"소공동은 서울 중구 시청과 남대문로 일대에 위치한 법정동이다. 서울시청, 덕수궁, 롯데백화점 본점, 주요 호텔과 업무시설이 가까워 행정·상업·관광 기능이 집중된 도심 핵심 지역으로 평가된다."
중구,수표동,"수표동은 서울 중구 청계천과 을지로3가역 인근에 위치한 법정동이다. 주변에는 오피스와 음식점, 인쇄·상업 관련 시설이 분포하며, 을지로와 종로를 잇는 도심 입지로 직장인 중심의 생활상권이 형성되어 있다."
중구,수하동,"수하동은 서울 중구 을지로입구역과 청계천 사이에 위치한 도심 법정동이다. 대형 오피스와 금융·업무시설, 음식점이 밀집해 있으며, 명동과 무교동 상권을 연결하는 위치에 있어 상업·업무 기능이 강하다."
중구,순화동,"순화동은 서울 중구 서소문과 서울역 사이에 위치한 법정동이다. 경찰청, 업무시설, 학교와 주거시설이 인접하고 시청·서울역 접근성이 좋다. 도심 업무지구의 배후이면서 주거와 행정 기능이 함께 나타나는 지역이다."
중구,신당동,"신당동은 서울 중구 동부에 위치한 법정동으로, 신당역과 청구역, 동대문역사문화공원역 일대와 가깝다. 신당동 떡볶이타운과 전통시장, 생활상권이 알려져 있으며 주거지와 상업지가 복합적으로 분포한다."
중구,쌍림동,"쌍림동은 서울 중구 장충동과 을지로 사이에 위치한 법정동이다. 동대문역사문화공원, 장충체육관, 충무로 방면과 가까우며, 인쇄·상업시설과 주거지가 함께 자리해 도심 동부 생활권과 연결된다."
중구,예관동,"예관동은 서울 중구 충무로와 을지로 일대에 위치한 소규모 법정동이다. 인쇄·출판 관련 업종과 상업시설이 분포하고, 충무로역과 을지로3가역 접근성이 좋아 도심 산업 기능과 생활상권이 함께 나타난다."
중구,예장동,"예장동은 서울 중구 남산 북쪽 자락에 위치한 법정동이다. 남산공원, 남산골한옥마을, 명동·충무로 생활권과 가까우며, 도심과 녹지가 맞닿은 입지로 관광·문화 자원과 주거 기능이 함께 나타난다."
중구,오장동,"오장동은 서울 중구 을지로4가와 동대문시장 사이에 위치한 법정동이다. 중부시장과 냉면 거리로 알려져 있으며, 식품·상업 관련 업종과 음식점이 밀집해 도심 전통상권의 성격이 뚜렷하다."
중구,입정동,"입정동은 서울 중구 을지로3가 일대에 자리한 법정동이다. 금속, 조명, 공구 등 소규모 제조·유통 업종이 분포하고 청계천과 가까우며, 을지로 특유의 도심 산업 경관과 상업 기능이 함께 남아 있다."
중구,장교동,"장교동은 서울 중구 청계천과 을지로입구역 인근에 위치한 법정동이다. 대형 업무빌딩과 상업시설, 음식점이 밀집해 있으며, 시청·명동·종로 업무지구와 가까워 직장인 중심의 유동이 활발한 도심 지역이다."
중구,주교동,주교동은 서울 중구 방산시장과 청계천 인근에 위치한 법정동이다. 인쇄·포장·상업 관련 업종이 분포하고 을지로4가역 접근성이 좋다. 전통시장과 도심 산업 기능이 결합된 지역적 특성이 강하다.
중구,주자동,"주자동은 서울 중구 충무로와 필동 사이에 위치한 소규모 법정동이다. 충무로역, 남산골한옥마을, 동국대학교 방면과 가까우며, 인쇄·영상 관련 업종과 도심 주거 기능이 함께 나타나는 생활권이다."
중구,중림동,"중림동은 서울 중구 서쪽 서울역과 충정로역 사이에 위치한 법정동이다. 약현성당, 손기정체육공원, 중림시장 등이 있으며, 도심 접근성과 주거 생활 기반이 함께 갖춰진 서부 생활권이다."
중구,황학동,"황학동은 서울 중구 청계천과 신당역 인근에 위치한 법정동이다. 황학동 주방거리와 중앙시장, 생활형 상권이 잘 알려져 있으며, 동대문·왕십리 방면 접근성이 좋아 상업과 주거가 공존하는 지역이다."
중구,흥인동,"흥인동은 서울 중구 신당역과 동대문역사문화공원역 사이에 위치한 법정동이다. 동대문 상권, 청계천, 신당동 생활권과 가까우며, 상업시설과 업무시설, 주거지가 혼재한 도심 동부의 소규모 지역이다."
중구,서소문동,"서소문동은 서울 중구 시청 서쪽에 위치한 법정동이다. 서울시청, 덕수궁, 서소문역사공원, 경찰청과 가까우며, 업무시설과 행정기관, 역사문화 공간이 함께 분포하는 도심 서부의 핵심 지역이다."
중구,남대문로1가,"남대문로1가는 서울 중구 남대문로와 시청 인근에 위치한 법정동이다. 을지로입구역, 서울광장, 주요 업무빌딩과 가까우며, 금융·상업 시설과 음식점이 밀집해 도심 업무지구의 성격이 강한 지역이다."
중구,광희동1가,"광희동1가는 서울 중구 동대문역사문화공원역과 광희문 인근에 위치한 법정동이다. 동대문 패션상권, 장충동, 을지로와 가까우며, 상업시설과 숙박시설, 주거 기능이 함께 나타나는 도심 동부 지역이다."
중구,남산동1가,"남산동1가는 서울 중구 명동 남쪽과 남산 북쪽 자락 사이에 위치한 법정동이다. 명동역, 남산공원, 케이블카 방면과 가까워 관광객 이동이 많고, 상업시설과 주거지가 함께 형성된 도심 관광 생활권이다."
중구,만리동1가,"만리동1가는 서울 중구 서울역 서쪽과 손기정체육공원 인근에 위치한 법정동이다. 서울역, 충정로역, 중림동 생활권과 가까우며, 주거지와 근린상권이 형성되어 도심 접근성이 좋은 서부 주거 지역이다."
중구,봉래동1가,"봉래동1가는 서울 중구 서울역과 남대문로 사이에 위치한 법정동이다. 서울역, 숭례문, 남대문시장과 가까우며, 철도 교통과 도심 상업 기능이 결합된 입지로 업무시설과 유동인구가 많은 지역이다."
중구,을지로1가,"을지로1가는 서울 중구 을지로입구역 일대에 위치한 법정동이다. 명동, 청계천, 시청 업무지구와 가까우며, 대형 오피스와 금융시설, 상업시설이 밀집한 서울 도심의 대표 업무·상업 지역이다."
중구,의주로1가,"의주로1가는 서울 중구 서소문과 서울역 사이에 위치한 법정동이다. 충정로역, 서울역, 경찰청 방면과 가까우며, 업무시설과 주거지, 학교가 인접해 도심 서부 생활권의 성격을 지닌다."
중구,인현동1가,"인현동1가는 서울 중구 충무로와 을지로 사이에 위치한 법정동이다. 충무로역, 을지로3가역과 가깝고 인쇄·영상·상업 관련 업종이 분포해 도심 산업 기능과 상업 기능이 함께 나타나는 지역이다."
중구,장충동1가,"장충동1가는 서울 중구 장충단공원과 동국대학교 인근에 위치한 법정동이다. 장충체육관, 신라호텔, 남산 동쪽 자락과 가까우며, 문화·체육시설과 주거·교육 기능이 함께 나타나는 지역이다."
중구,충무로1가,"충무로1가는 서울 중구 명동과 충무로 사이에 위치한 법정동이다. 명동역과 가까우며, 상업시설, 음식점, 업무시설이 밀집해 있다. 명동 관광상권과 충무로 문화·영상 관련 생활권이 맞닿은 지역이다."
중구,충정로1가,"충정로1가는 서울 중구 서쪽 충정로역 인근에 위치한 법정동이다. 서울역, 서소문, 중림동 생활권과 가까우며, 업무시설과 주거지가 함께 분포해 도심 서부의 교통 접근성이 좋은 지역이다."
중구,태평로1가,"태평로1가는 서울 중구 서울광장과 시청 일대에 위치한 법정동이다. 서울시청, 덕수궁, 주요 언론·업무시설이 가까워 행정과 업무 기능이 강하며, 광화문과 남대문로를 잇는 도심 핵심 지역이다."
중구,회현동1가,"회현동1가는 서울 중구 회현역과 남대문시장 인근에 위치한 법정동이다. 숭례문, 명동, 남산 방면과 가까워 관광과 상업 기능이 활발하며, 시장 상권과 도심 주거지가 함께 연결되는 지역이다."
중구,명동1가,"명동1가는 서울 중구 명동 중심 상권에 위치한 법정동이다. 명동성당, 을지로입구역, 주요 쇼핑거리와 가까우며, 화장품·패션 매장과 음식점, 호텔이 밀집해 국내외 관광객 방문이 많은 지역이다."
중구,저동1가,"저동1가는 서울 중구 명동과 을지로 사이에 위치한 법정동이다. 을지로3가역, 명동성당, 청계천 접근성이 좋고, 업무시설과 음식점, 상업시설이 분포해 명동 배후의 도심 생활권 성격을 지닌다."
중구,필동1가,"필동1가는 서울 중구 충무로역과 남산골한옥마을 인근에 위치한 법정동이다. 동국대학교, 남산, 충무로 영상·인쇄 관련 업종과 가까워 교육·문화 자원과 도심 상업 기능이 함께 나타난다."
중구,남대문로2가,"남대문로2가는 서울 중구 명동과 을지로입구역 인근에 위치한 법정동이다. 롯데백화점 본점, 명동 상권, 청계천과 가까우며, 대형 상업시설과 업무시설이 밀집한 도심 쇼핑·업무 지역이다."
중구,광희동2가,"광희동2가는 서울 중구 동대문역사문화공원역과 장충동 사이에 위치한 법정동이다. 동대문디자인플라자, 광희문, 장충체육관 방면과 가까우며, 상업·문화·주거 기능이 복합적으로 나타나는 지역이다."
중구,남산동2가,"남산동2가는 서울 중구 명동 남쪽과 남산 북쪽 자락에 위치한 법정동이다. 명동역과 남산공원, 관광시설 접근성이 좋고, 소규모 상업시설과 주거지가 함께 분포해 도심 관광지의 배후 성격을 지닌다."
중구,만리동2가,"만리동2가는 서울 중구 서울역 서쪽과 만리재로 일대에 위치한 법정동이다. 손기정체육공원, 중림동, 충정로역과 가까우며, 아파트와 근린상권이 형성되어 도심 접근성이 좋은 주거 생활권이다."
중구,봉래동2가,"봉래동2가는 서울 중구 서울역 일대에 위치한 법정동이다. 서울역 철도·지하철 교통망과 숭례문, 남대문시장 접근성이 뛰어나며, 업무시설과 상업시설, 유동인구가 많은 교통 중심 지역이다."
중구,을지로2가,"을지로2가는 서울 중구 을지로입구역과 을지로3가역 사이에 위치한 법정동이다. 명동, 청계천, 오피스 밀집 지역과 가까우며, 업무시설과 음식점, 상업시설이 발달한 도심 업무·상업 지역이다."
중구,의주로2가,"의주로2가는 서울 중구 충정로역과 서울역 사이에 위치한 법정동이다. 서소문, 중림동, 만리동 생활권과 연결되며, 업무시설과 주거지가 혼재해 도심 서부의 교통·생활 기반을 갖춘 지역이다."
중구,인현동2가,"인현동2가는 서울 중구 충무로와 을지로 사이에 위치한 법정동이다. 충무로역과 을지로3가역이 가깝고, 인쇄·영상·상업 관련 업종이 분포해 도심 산업과 생활상권이 함께 나타나는 지역이다."
중구,장충동2가,"장충동2가는 서울 중구 장충체육관과 동국대학교 인근에 위치한 법정동이다. 남산 동쪽 자락, 신라호텔, 장충단공원과 가까우며, 교육·문화·체육시설과 주거 기능이 함께 나타나는 지역이다."
중구,충무로2가,"충무로2가는 서울 중구 명동과 충무로 사이에 위치한 법정동이다. 명동역, 충무로역 접근성이 좋고 상업시설과 음식점, 업무시설이 밀집해 명동 관광상권과 충무로 생활권을 연결한다."
중구,태평로2가,"태평로2가는 서울 중구 시청과 숭례문 사이에 위치한 법정동이다. 서울광장, 덕수궁, 남대문로, 주요 업무시설과 가까우며, 행정·업무·관광 기능이 집중된 도심 중심부의 성격이 강하다."
중구,회현동2가,"회현동2가는 서울 중구 남산 북쪽과 회현역 인근에 위치한 법정동이다. 남대문시장, 명동, 남산공원 접근성이 좋으며, 시장 상권과 관광시설, 주거지가 함께 연결되는 도심 생활 지역이다."
중구,명동2가,"명동2가는 서울 중구 명동 중심부에 위치한 법정동이다. 명동역, 명동성당, 주요 쇼핑거리와 가까우며, 패션·화장품 매장, 음식점, 호텔 등이 밀집해 서울 대표 관광상권의 성격이 강하다."
중구,저동2가,"저동2가는 서울 중구 을지로3가역과 충무로역 사이에 위치한 법정동이다. 명동, 청계천, 충무로 생활권과 가까우며, 음식점과 업무시설, 인쇄·상업 관련 업종이 분포하는 도심 지역이다."
중구,필동2가,"필동2가는 서울 중구 충무로역과 동국대학교 인근에 위치한 법정동이다. 남산골한옥마을, 충무로 영상·인쇄 관련 업종, 남산 자락과 가까워 문화·교육·상업 기능이 함께 나타난다."
중구,남대문로3가,"남대문로3가는 서울 중구 을지로입구역과 회현역 사이에 위치한 법정동이다. 명동, 남대문시장, 금융·업무시설과 가까우며, 도심 상업과 업무 기능이 밀집한 남대문로 생활권에 속한다."
중구,남산동3가,"남산동3가는 서울 중구 남산 북쪽 자락과 명동역 인근에 위치한 법정동이다. 남산공원, 명동 상권, 충무로 방면 접근성이 좋고, 관광시설과 주거지, 소규모 상업시설이 함께 분포한다."
중구,을지로3가,"을지로3가는 서울 중구 을지로3가역 일대에 위치한 법정동이다. 인쇄·조명·공구 등 도심 산업 업종과 음식점이 밀집하고, 최근에는 노포와 카페가 공존하는 문화 상권으로도 인지도가 높다."
중구,충무로3가,"충무로3가는 서울 중구 충무로역 일대에 위치한 법정동이다. 영화·영상과 인쇄 관련 업종이 알려져 있으며, 명동과 필동, 을지로를 잇는 입지로 상업시설과 업무시설이 함께 분포한다."
중구,회현동3가,"회현동3가는 서울 중구 남산 북쪽과 회현역 인근에 위치한 법정동이다. 남대문시장, 명동, 남산공원과 가까워 관광·상업 접근성이 좋고, 도심 배후 주거지와 생활시설이 함께 형성되어 있다."
중구,필동3가,"필동3가는 서울 중구 동국대학교와 남산골한옥마을 인근에 위치한 법정동이다. 충무로역, 남산, 장충동 방면과 가까우며, 교육·문화시설과 도심 상업 기능을 함께 이용하기 좋은 지역이다."
중구,남대문로4가,"남대문로4가는 서울 중구 숭례문과 남대문시장 인근에 위치한 법정동이다. 회현역, 서울역, 시청 방면 접근성이 좋고, 전통시장과 업무시설, 관광 유동이 결합된 도심 상업 지역이다."
중구,을지로4가,"을지로4가는 서울 중구 을지로4가역과 방산시장 인근에 위치한 법정동이다. 인쇄·포장·조명 등 도심 산업 업종과 전통시장이 밀집해 있으며, 청계천과 동대문 상권을 잇는 입지다."
중구,충무로4가,충무로4가는 서울 중구 충무로역과 을지로4가역 사이에 위치한 법정동이다. 인쇄·영상·상업 관련 업종이 분포하고 명동·필동·을지로 생활권과 가까워 도심 업무와 생활 기능이 함께 나타난다.
중구,남대문로5가,"남대문로5가는 서울 중구 서울역과 숭례문 사이에 위치한 법정동이다. 서울역 교통망, 남대문시장, 업무시설과 가까우며, 도심 진입 관문 역할을 하는 상업·업무 중심 지역이다."
중구,을지로5가,"을지로5가는 서울 중구 을지로와 동대문시장 사이에 위치한 법정동이다. 을지로4가역, 동대문역사문화공원역, 방산시장과 가까우며, 인쇄·상업시설과 전통시장 기능이 함께 발달한 지역이다."
중구,충무로5가,"충무로5가는 서울 중구 충무로와 장충동 사이에 위치한 법정동이다. 충무로역, 동국대학교, 남산골한옥마을 접근성이 좋고, 인쇄·영상 관련 업종과 도심 주거 기능이 함께 나타난다."
중구,을지로6가,"을지로6가는 서울 중구 동대문역사문화공원역 일대에 위치한 법정동이다. 동대문디자인플라자와 패션상권, 을지로 상권이 가까우며, 상업·관광·문화 기능이 강한 도심 동부 지역이다."
중구,을지로7가,"을지로7가는 서울 중구 동대문역사문화공원역과 신당역 사이에 위치한 법정동이다. 동대문 패션상권, 청계천, 신당동 생활권과 가까우며, 상업시설과 숙박시설, 주거지가 함께 분포한다."
강남구,개포동,"개포동은 강남구 남부에 위치한 대표 주거 지역으로, 구룡산과 대모산, 양재천이 가까운 녹지 생활권이다. 개포동역과 대모산입구역 일대를 중심으로 아파트 단지와 학교, 근린상권이 형성되어 있으며, 재건축 주거단지가 늘며 주거 환경이 정비되고 있다."
강남구,논현동,"논현동은 강남구 서부에 위치한 상업·주거 혼합 지역이다. 논현역, 신논현역, 학동역과 가까우며 강남대로와 학동로 주변으로 음식점, 병원, 오피스텔, 가구·인테리어 상권이 분포한다. 강남역·신사동과 연결되는 유동인구 많은 생활권이다."
강남구,대치동,"대치동은 강남구 중남부에 위치한 교육·주거 중심 법정동이다. 대치역, 한티역, 학여울역 일대에 대형 아파트 단지와 학교, 학원가가 밀집해 있으며, 강남의 대표적인 사교육 상권으로 알려져 있다. 양재천과 테헤란로 접근성도 갖추고 있다."
강남구,도곡동,"도곡동은 강남구 남서부에 위치한 주거 중심 법정동으로, 도곡역과 매봉역, 양재천 생활권이 가깝다. 타워팰리스와 대형 아파트 단지, 학교, 근린상권이 분포하며, 강남 업무지구와 양재 방면을 잇는 교통 접근성이 좋은 지역이다."
강남구,삼성동,"삼성동은 강남구 동북부의 업무·상업 중심 법정동이다. 삼성역, 코엑스, 무역센터, 봉은사와 인접해 전시·컨벤션, 쇼핑, 관광, 업무 기능이 집중되어 있다. 테헤란로와 영동대로 주변 오피스가 밀집해 강남 대표 업무지구로 꼽힌다."
강남구,세곡동,"세곡동은 강남구 남동쪽 외곽에 위치한 주거 중심 법정동이다. 세곡천과 대모산·구룡산 녹지축이 가까워 자연환경이 비교적 풍부하고, 헌릉로와 밤고개로를 통해 수서·분당 방면 접근이 가능하다. 신축 주거단지와 근린시설이 조성된 생활권이다."
강남구,수서동,"수서동은 강남구 남동부에 위치한 교통 거점 법정동이다. 수서역을 중심으로 SRT와 지하철 3호선, 수인분당선을 이용할 수 있으며, 탄천과 수서IC, 광평로 접근성이 좋다. 아파트 단지, 업무시설, 공공시설이 함께 있는 생활권이다."
강남구,신사동,"신사동은 강남구 북서부 한강 남쪽에 위치한 상업·문화 법정동이다. 신사역과 가로수길, 도산대로 주변으로 패션 매장, 카페, 병원, 음식점이 밀집해 있다. 압구정·논현동과 인접해 유행 상권과 도심형 주거 기능이 함께 나타난다."
강남구,역삼동,"역삼동은 강남구 중앙부 테헤란로와 강남대로를 중심으로 발달한 업무·상업 법정동이다. 강남역, 역삼역, 선릉역 접근성이 뛰어나며, 오피스 빌딩, 스타트업, 학원, 병원, 음식점이 밀집해 직장인과 방문객 유동이 매우 많은 지역이다."
강남구,율현동,"율현동은 강남구 남동쪽 세곡 생활권에 속한 비교적 조용한 법정동이다. 헌릉로와 세곡동, 자곡동과 가까우며, 주변에 녹지와 주거단지, 근린시설이 형성되어 있다. 강남 도심보다는 수서·성남 방면과 연결되는 외곽 주거지 성격이 강하다."
강남구,일원동,"일원동은 강남구 남동부에 위치한 주거 중심 법정동으로, 대모산과 양재천, 탄천 생활권이 가깝다. 일원역과 대청역, 삼성서울병원 주변에 아파트 단지와 학교, 의료·복지시설이 분포해 녹지와 생활 편의성이 결합된 지역이다."
강남구,자곡동,"자곡동은 강남구 남동부 세곡지구와 수서 생활권 사이에 위치한 법정동이다. 밤고개로와 헌릉로 접근성이 좋고, 신축 아파트 단지와 학교, 근린공원, 생활상권이 조성되어 있다. 강남권 안에서도 비교적 차분한 주거 환경이 특징이다."
강남구,청담동,"청담동은 강남구 북동부 한강 남쪽에 위치한 고급 주거·상업 법정동이다. 청담명품거리, 압구정로데오, 도산대로 상권이 가깝고 패션·뷰티·외식 시설이 밀집해 있다. 한강과 봉은사로 접근성도 좋아 세련된 도시 이미지가 강하다."
강남구,압구정동,"압구정동은 강남구 북서부 한강변에 위치한 대표 주거·상업 법정동이다. 압구정역, 현대백화점, 압구정로데오거리, 한강공원이 가까우며 고급 아파트 단지와 의료·패션·외식 상권이 발달했다. 강남 북부의 상징성이 큰 지역이다."
강동구,길동,"길동은 서울 강동구 중앙부에 위치한 법정동으로, 길동역과 굽은다리역, 천호대로 접근성이 좋은 지역이다. 주거지와 근린상권, 음식점, 병원 등 생활 편의시설이 고르게 분포하며, 강동구 내 실생활 중심지 성격을 지닌다."
강동구,강일동,"강일동은 서울 강동구 동쪽 끝에 자리한 법정동으로, 한강과 하남시 경계에 인접한다. 강일역과 고덕강일 공공주택지구, 한강변 녹지축을 중심으로 대규모 주거단지와 학교, 생활시설이 조성된 신흥 주거 지역이다."
강동구,고덕동,"고덕동은 서울 강동구 동북부에 위치한 법정동으로, 고덕역과 상일동역 생활권을 함께 이용한다. 고덕산과 한강, 대규모 아파트 단지, 학교와 공원이 어우러져 있으며, 고덕비즈밸리와 가까워 주거·업무 기능이 함께 확대되고 있다."
강동구,둔촌동,"둔촌동은 서울 강동구 남서부에 위치한 법정동으로, 둔촌동역과 올림픽공원역 접근성이 좋다. 대규모 재건축 주거단지와 학교, 근린상권이 중심을 이루며, 올림픽공원과 일자산 녹지에 가까운 주거 생활권으로 알려져 있다."
강동구,명일동,"명일동은 서울 강동구 북동부에 자리한 법정동으로, 명일역과 굽은다리역, 고덕역 생활권과 연결된다. 아파트 단지와 학교, 학원가, 명일전통시장 등 생활 인프라가 잘 갖춰져 있으며, 안정적인 주거지 성격이 강한 지역이다."
강동구,상일동,"상일동은 서울 강동구 동부에 위치한 법정동으로, 상일동역과 고덕강일지구, 하남 방면과 가깝다. 대규모 공동주택과 고덕비즈밸리, 업무시설, 근린상권이 함께 조성되며 주거와 산업·업무 기능이 확장되는 지역이다."
강동구,성내동,"성내동은 서울 강동구 서남부에 위치한 법정동으로, 천호역과 강동구청역, 올림픽공원 생활권에 인접한다. 주택가와 아파트, 구청·업무시설, 음식점과 근린상권이 함께 분포해 행정·상업·주거 기능이 복합적으로 나타난다."
강동구,암사동,"암사동은 서울 강동구 북서부 한강변에 위치한 법정동이다. 암사역, 암사종합시장, 암사동 선사유적지, 한강공원과 가까우며, 주거지와 녹지, 역사 자원이 함께 형성되어 생활 편의와 여가 접근성이 좋은 지역이다."
강동구,천호동,"천호동은 서울 강동구 서부의 대표 상업·교통 중심 법정동이다. 천호역과 강동역, 천호대로 주변에 백화점, 영화관, 병원, 음식점, 전통시장과 상업시설이 밀집해 있으며, 유동인구가 많은 강동구 핵심 생활권이다."
강북구,번동,"번동은 서울 강북구 동부에 위치한 법정동으로, 수유역과 강북구청, 북서울꿈의숲 방면 생활권을 이용하기 쉽다. 아파트와 주택가, 학교, 근린상권이 분포하며, 행정·상업 기능과 녹지 접근성을 함께 갖춘 주거 중심 지역이다."
강북구,미아동,"미아동은 강북구 남부에 위치한 법정동으로, 미아사거리역과 미아역을 중심으로 교통과 상업 기능이 발달했다. 대형 상업시설, 병원, 학교, 아파트 단지가 함께 분포하며, 도봉로를 따라 형성된 강북권 주요 생활상권의 성격이 뚜렷하다."
강북구,수유동,"수유동은 강북구 서부와 중심부에 걸친 법정동으로, 수유역 일대의 상권과 북한산 방면 주거 생활권을 함께 포함한다. 강북구청, 음식점, 병원, 상점 등이 가까우며, 교통 접근성과 생활 편의성이 높은 강북구의 대표 중심지다."
강북구,우이동,"우이동은 강북구 북서부 북한산 자락에 위치한 법정동으로, 북한산우이역과 우이동계곡, 주요 등산로와 가깝다. 자연경관과 산림 여가 기능이 강하고, 주거지와 음식점, 휴식 공간이 함께 형성된 산지 인접 생활권이다."
강서구,가양동,"가양동은 강서구 북부 한강 남쪽에 위치한 법정동으로, 가양역과 양천향교역, 한강공원 일대가 가깝다. 대단지 아파트와 학교, 공원, 업무시설이 분포하며, 마곡지구와 연결되는 주거·업무 생활권 성격을 보인다."
강서구,개화동,"개화동은 강서구 서북단 한강과 김포공항 사이에 위치한 법정동이다. 개화역과 개화산, 강서한강공원 접근성이 좋고, 자연녹지와 교통시설, 일부 주거지가 함께 분포한다. 서울 서쪽 관문이자 공항 배후 지역의 성격이 강하다."
강서구,공항동,"공항동은 김포국제공항과 인접한 강서구 서부의 법정동이다. 공항시장역, 송정역, 공항대로 일대와 연결되며 항공·교통 관련 기능과 주거지, 상업시설이 함께 자리한다. 서울 서부 교통 관문의 대표 지역이다."
강서구,과해동,"과해동은 강서구 서쪽 김포공항 주변에 위치한 법정동으로, 공항 시설과 녹지, 도로 교통망의 영향을 크게 받는 지역이다. 주거 밀도는 낮은 편이며, 서울과 인천·김포를 잇는 서부 교통축의 배후 공간 성격을 지닌다."
강서구,등촌동,"등촌동은 강서구 동북부에 위치한 법정동으로, 등촌역과 증미역, 강서구청 방면 생활권을 이룬다. 아파트와 다세대주택, 학교, 업무·상업시설이 함께 분포하며 한강과 마곡지구 접근성이 좋은 주거 지역이다."
강서구,마곡동,"마곡동은 강서구 중심부에 조성된 대규모 업무·연구·주거 복합 지역이다. 마곡역, 마곡나루역, 서울식물원, 기업 연구시설과 상업시설이 밀집해 있으며, 강서구의 신흥 업무지구이자 대표 개발지로 알려져 있다."
강서구,방화동,"방화동은 강서구 서북부 김포공항과 개화산 인근에 위치한 법정동이다. 방화역, 개화산역, 공항대로 접근성이 좋고, 아파트 단지와 공원, 학교, 생활상권이 형성되어 있다. 공항 배후 주거지와 녹지 생활권이 결합된 지역이다."
강서구,염창동,"염창동은 강서구 북동쪽 한강변에 위치한 법정동이다. 염창역과 올림픽대로, 한강공원 접근성이 좋아 교통과 주거 여건이 우수하다. 아파트 단지와 학교, 생활상권이 밀집해 강서구의 안정적인 주거지로 평가된다."
강서구,오곡동,"오곡동은 강서구 서쪽 김포공항 남측과 부천 방면 경계에 가까운 법정동이다. 농지와 저층 주거지, 물류·교통 관련 공간이 혼재하며, 대규모 상업지보다는 외곽 생활권 성격이 강하다. 공항 주변 입지의 영향을 받는 지역이다."
강서구,오쇠동,"오쇠동은 강서구 서남쪽 끝에 위치한 법정동으로, 김포공항과 부천시 경계에 인접한다. 공항 시설과 도로망, 외곽 녹지의 영향을 받으며 주거 밀도는 높지 않다. 서울 서부 외곽의 교통·공항 배후 지역 성격을 지닌다."
강서구,화곡동,"화곡동은 강서구 남부의 넓은 주거 생활권을 이루는 법정동이다. 화곡역, 까치산역, 강서구청 일대와 연결되며 전통시장, 골목상권, 학교와 병원이 밀집해 있다. 서부 서울의 대표적인 생활형 주거지로 꼽힌다."
강서구,내발산동,"내발산동은 강서구 중앙부 우장산과 발산역 주변에 위치한 법정동이다. 우장산공원, 발산역, 마곡지구와 가까우며 아파트 단지와 학교, 병원, 상업시설이 분포한다. 녹지와 교통, 생활 편의가 조화를 이루는 주거 지역이다."
강서구,외발산동,"외발산동은 강서구 서남부에 위치한 법정동으로, 김포공항과 마곡·발산 생활권 사이에 자리한다. 농수산식품 관련 시설과 도로 교통망, 일부 주거지가 분포하며, 도심 주거지보다는 물류·교통 배후 성격이 두드러진다."
관악구,남현동,"남현동은 관악구 동남쪽 끝에 있는 법정동으로, 사당역과 남태령, 서초구 방배동 생활권과 가깝다. 관악산 등산로와 접한 자연환경, 역세권 상업시설, 주거지가 함께 나타난다. 관악구에서 강남·서초 방면으로 이어지는 관문 성격이 뚜렷하다."
관악구,봉천동,"봉천동은 관악구 중부와 동부의 넓은 생활권을 이루는 대표 법정동이다. 서울대입구역, 봉천역, 낙성대역과 관악구청, 봉천동 상권이 위치해 교통·행정·상업 기능이 집중되어 있다. 주거지와 대학가, 생활상권이 복합적으로 발달한 지역이다."
관악구,신림동,"신림동은 관악구 서부와 남부의 큰 생활권을 이루는 법정동이다. 신림역 상권, 관악산 인접 주거지, 서울대학교 주변 대학가 기능이 함께 나타나며 음식점, 학원, 오피스텔, 다세대주택이 밀집해 있다. 서남권의 대표적인 청년·생활 상권 지역이다."
광진구,능동,"능동은 서울 광진구 북서부에 위치한 법정동으로, 서울어린이대공원과 능동로 일대가 대표적이다. 어린이대공원역과 군자역 접근성이 좋고 공원, 대학가, 생활상권이 가까워 여가·교육·주거 기능이 함께 나타나는 지역이다."
광진구,광장동,"광장동은 서울 광진구 동쪽 한강변에 자리한 법정동이다. 광나루역, 아차산, 한강공원, 워커힐 일대와 가까워 자연환경과 도시 생활 편의가 결합되어 있다. 대규모 아파트 단지와 교육시설이 분포해 주거지 성격이 뚜렷하다."
광진구,구의동,"구의동은 서울 광진구 중동부에 위치한 법정동으로, 구의역과 강변역, 동서울터미널 생활권을 포함한다. 광진구청, 테크노마트, 한강변과 가까우며 주거지와 상업·교통 기능이 복합적으로 형성된 광진구의 중심 생활권 중 하나다."
광진구,군자동,"군자동은 서울 광진구 서부에 위치한 법정동으로, 군자역과 능동로를 중심으로 생활권이 형성되어 있다. 세종대학교, 어린이대공원, 중곡동·능동 상권과 가까워 대학가와 주거지, 근린상권이 함께 발달한 지역이다."
광진구,자양동,"자양동은 서울 광진구 남부 한강변과 건대입구 생활권에 걸쳐 있는 법정동이다. 뚝섬유원지, 한강공원, 건대 상권, 자양로 일대가 가까우며 아파트 단지와 상업시설, 여가 공간이 함께 형성된 주거·상업 혼합 지역이다."
광진구,중곡동,"중곡동은 서울 광진구 북부에 위치한 법정동으로, 중곡역과 아차산역, 용마산로 일대를 중심으로 생활권이 형성된다. 주택가와 학교, 병원, 근린상권이 분포하고 아차산·용마산과 가까워 주거 안정성과 자연 접근성이 함께 나타난다."
광진구,화양동,"화양동은 서울 광진구 건대입구 일대에 위치한 법정동이다. 건국대학교, 건대입구역, 로데오거리, 먹자골목 등이 가까워 젊은 유동인구가 많고 음식점, 카페, 문화시설이 밀집한 광진구의 대표 대학가·상업 지역이다."
구로구,궁동,"궁동은 서울 구로구 남서부에 위치한 법정동으로, 수궁동 생활권의 중심에 해당한다. 온수역과 오류동, 천왕산 일대와 가까우며, 주거지와 학교, 근린상권이 자리한다. 비교적 조용한 주거 환경과 녹지 접근성이 특징이다."
구로구,항동,"항동은 서울 구로구 남서쪽 끝에 위치한 법정동으로, 부천시와 경계를 이룬다. 푸른수목원과 항동철길, 천왕산 주변 녹지가 가까워 자연 친화적 이미지가 강하며, 공동주택 단지 조성과 함께 신흥 주거지로 변화한 지역이다."
구로구,개봉동,"개봉동은 서울 구로구 중부에 넓게 자리한 법정동으로, 개봉역과 경인로를 중심으로 생활권이 형성되어 있다. 아파트와 다세대주택, 학교, 시장과 근린상권이 분포하며, 구로구의 대표적인 주거 지역 중 하나로 볼 수 있다."
구로구,고척동,"고척동은 서울 구로구 중북부에 위치한 법정동으로, 고척스카이돔과 안양천, 고척근린공원이 주요 인지 요소다. 주거지와 체육·문화시설, 시장과 생활상권이 함께 자리해 구로구 내 생활·여가 기능이 두드러지는 지역이다."
구로구,구로동,"구로동은 서울 구로구의 중심 법정동으로, 구로역과 남구로역, 구로디지털단지 생활권을 포함한다. 전통시장, 업무시설, IT 산업단지, 아파트와 다세대주택이 혼재해 주거·상업·산업 기능이 복합적으로 나타나는 지역이다."
구로구,오류동,"오류동은 서울 구로구 서부에 위치한 법정동으로, 오류동역과 경인로를 중심으로 생활권이 형성되어 있다. 오래된 주거지와 시장, 학교, 근린상권이 자리하며, 천왕동·항동 방면 녹지와도 가까운 서남권 주거 지역이다."
구로구,온수동,"온수동은 서울 구로구 남서부에 위치한 법정동으로, 온수역을 중심으로 부천시와 연결되는 교통 입지를 가진다. 주거지와 학교, 소규모 상권이 분포하고, 궁동·오류동·천왕동 생활권과 맞닿아 비교적 차분한 주거 환경을 보인다."
구로구,천왕동,"천왕동은 서울 구로구 남서부에 위치한 법정동으로, 천왕역과 천왕산 주변 생활권을 중심으로 한다. 대규모 아파트 단지와 학교, 공원, 녹지 공간이 조성되어 있으며, 자연환경과 주거 기능이 결합된 지역으로 평가된다."
구로구,가리봉동,"가리봉동은 서울 구로구 동쪽에 위치한 법정동으로, 가산디지털단지와 구로디지털단지 사이에 자리한다. 다문화 상권과 소규모 주거지, 산업단지 배후 기능이 함께 나타나며, 서울 서남권의 변화된 도시 경관을 보여주는 지역이다."
구로구,신도림동,"신도림동은 서울 구로구 북동부의 법정동으로, 신도림역을 중심으로 교통과 상업 기능이 집중된 지역이다. 지하철 1·2호선 환승역, 대형 쇼핑시설, 업무시설, 고층 주거단지가 밀집해 서남권의 대표 복합 생활권으로 꼽힌다."
금천구,가산동,"가산동은 서울 금천구 북서쪽에 위치한 법정동으로, 가산디지털단지와 가산디지털단지역을 중심으로 업무·산업 기능이 발달했다. 지식산업센터, 아울렛, 음식점과 상업시설이 밀집해 직장인 유동인구가 많고 서울 서남권 산업 거점의 성격이 강하다."
금천구,독산동,"독산동은 서울 금천구 중앙부에 넓게 자리한 법정동으로, 주거지와 상업지, 일부 업무·산업 기능이 함께 나타난다. 독산역과 금천구청역, 시흥대로와 가까우며, 학교와 시장, 생활편의시설이 분포해 지역 주민의 일상 생활권이 잘 형성되어 있다."
금천구,시흥동,"시흥동은 서울 금천구 남부에 위치한 법정동으로, 금천구청과 시흥사거리, 호암산 일대 생활권을 포함하는 지역이다. 주거지와 근린상권, 공공기관, 산지 인접 녹지가 함께 분포하며 금천구 남부의 생활 중심지 성격을 지닌다."
노원구,공릉동,"공릉동은 서울 노원구 동남부에 위치한 법정동으로, 공릉역과 태릉입구역, 화랑대역 생활권을 포함한다. 서울과학기술대학교, 경춘선숲길, 화랑대 철도공원, 태릉 일대가 가까워 대학가와 주거지, 녹지 자원이 함께 발달한 지역이다."
노원구,상계동,"상계동은 서울 노원구 북부와 중심부에 걸쳐 있는 대표 주거 지역이다. 노원역, 상계역, 마들역, 수락산역 등이 지나며, 노원 중심상권과 수락산·불암산 생활권이 인접한다. 대단지 아파트와 상업·교육·교통 기능이 밀집해 있다."
노원구,월계동,"월계동은 서울 노원구 서남부에 위치한 법정동으로, 광운대역과 월계역, 석계역 생활권과 맞닿아 있다. 광운대학교, 중랑천, 초안산, 경춘선숲길이 가까우며, 대학가와 주거지, 역세권 생활상권이 함께 형성된 지역이다."
노원구,중계동,"중계동은 서울 노원구 중앙부에 위치한 법정동으로, 교육·주거 기능이 강한 지역이다. 은행사거리 학원가, 중계근린공원, 불암산 자락과 가까우며, 대단지 아파트와 학교, 학원, 생활편의시설이 밀집해 노원구의 주요 교육 생활권으로 알려져 있다."
노원구,하계동,"하계동은 서울 노원구 중앙 남부에 위치한 법정동으로, 하계역과 중계역, 중랑천 생활권에 가깝다. 아파트 단지와 학교, 노원문화예술회관, 공원과 생활상권이 분포해 있으며, 교통과 주거 편의가 안정적으로 갖춰진 지역이다."
도봉구,창동,"창동은 서울 도봉구 남동부에 위치한 법정동으로, 창동역을 중심으로 교통과 상업 기능이 발달한 지역이다. 지하철 1호선·4호선 환승 접근성이 좋고, 창동역 주변 상권과 아파트 단지, 중랑천 생활권이 함께 형성되어 있다."
도봉구,도봉동,"도봉동은 서울 도봉구 북부에 위치한 법정동으로, 도봉산과 도봉역, 도봉산역 일대가 가까운 지역이다. 북한산국립공원 도봉산 지구와 등산로, 계곡 등 자연자원이 풍부하며, 주거지와 역세권 생활시설이 함께 자리한다."
도봉구,방학동,"방학동은 서울 도봉구 중앙·서부에 걸쳐 있는 법정동으로, 방학역과 도봉구청, 도봉산 방면 생활권에 가깝다. 아파트와 주택가, 학교, 근린상권이 넓게 분포하며, 행정 기능과 주거 기능이 함께 나타나는 지역이다."
도봉구,쌍문동,"쌍문동은 서울 도봉구 서남부에 위치한 법정동으로, 쌍문역과 우이천, 덕성여자대학교 일대와 가깝다. 주거지와 생활상권, 교육시설이 함께 형성되어 있으며, 둘리뮤지엄 등 지역 인지도를 높이는 문화 요소도 갖추고 있다."
동작구,본동,"본동은 서울 동작구 북부 한강 남쪽에 위치한 법정동이다. 노량진역과 한강대교, 노들역 생활권과 가까우며, 주거지와 소규모 상권이 함께 형성되어 있다. 여의도와 용산 방면 접근성이 좋아 도심 배후 주거지 성격을 지닌다."
동작구,대방동,"대방동은 서울 동작구 동쪽에 위치한 법정동으로, 대방역과 보라매공원, 여의도·영등포 방면 접근성이 좋은 지역이다. 아파트와 주택가, 공공기관, 생활상권이 함께 자리해 주거 기능과 생활 편의성이 두드러진다."
동작구,동작동,"동작동은 서울 동작구 서쪽 한강변과 국립서울현충원 일대에 위치한 법정동이다. 동작역과 이수교차로, 반포·서초 방면과 가까우며, 대규모 녹지와 역사·추모 공간, 주거지가 어우러진 차분한 지역이다."
동작구,사당동,"사당동은 서울 동작구 남부의 대표 주거·교통 생활권이다. 사당역과 이수역, 남성역을 중심으로 강남·서초·과천 방면 이동이 편리하고, 주택가와 아파트, 전통시장과 근린상권이 함께 발달해 있다."
동작구,상도동,"상도동은 서울 동작구 중앙부에 넓게 자리한 법정동이다. 상도역, 숭실대입구역, 장승배기역 생활권과 연결되며, 숭실대학교와 학교, 주거지, 근린상권이 분포한다. 동작구의 대표적인 주거 중심 지역이다."
동작구,흑석동,"흑석동은 서울 동작구 북서부 한강 남쪽에 위치한 법정동이다. 중앙대학교와 흑석역, 한강대교와 가까워 대학가와 주거지 성격이 함께 나타난다. 한강 접근성과 도심 이동성이 좋아 변화가 활발한 지역이다."
동작구,노량진동,"노량진동은 서울 동작구 북부의 교통·상업 중심 법정동이다. 노량진역, 노량진수산시장, 학원가가 밀집해 유동인구가 많으며, 여의도와 한강 방면 접근성이 좋아 교육·상업·주거 기능이 복합적으로 형성되어 있다."
동작구,신대방동,"신대방동은 서울 동작구 서남부에 위치한 법정동으로, 보라매공원과 보라매병원, 신대방역 생활권과 가깝다. 주거지와 생활상권, 녹지와 의료시설이 함께 분포해 실거주 편의성이 높은 지역으로 볼 수 있다."
동작구,상도1동,"상도1동은 서울 동작구 상도동 생활권에 속한 법정동으로, 상도역과 장승배기역, 숭실대학교 일대와 가깝다. 주거지와 학교, 근린상권이 함께 형성되어 있으며, 동작구 중앙부의 생활 기반을 이루는 지역이다."
마포구,중동,"중동은 서울 마포구 서북부에 위치한 법정동으로, 성산동과 상암동 생활권 사이에 자리한다. 월드컵공원과 성산로, 디지털미디어시티 방면 접근성이 좋으며, 주거지와 학교, 근린상권이 분포한 조용한 생활권 성격을 보인다."
마포구,공덕동,"공덕동은 서울 마포구 동부의 대표 업무·교통 중심 법정동이다. 공덕역 환승역세권과 마포대로를 중심으로 오피스, 법조 관련 시설, 음식점과 생활상권이 밀집해 있으며, 아파트 단지도 많아 직주근접 성격이 강하다."
마포구,구수동,"구수동은 서울 마포구 한강 북쪽에 위치한 소규모 법정동이다. 광흥창역과 서강대교, 창전·신수동 생활권과 가깝고 한강변 주거지와 근린상권을 이용하기 편리하다. 조용한 주거 환경과 도심 접근성이 함께 나타난다."
마포구,당인동,"당인동은 서울 마포구 서강동 생활권에 속한 한강 인접 법정동이다. 상수역, 합정역, 서강대교와 가까우며 당인리발전소 부지와 한강변 입지가 지역의 특징이다. 홍대·상수 상권과 주거지가 맞닿은 지역이다."
마포구,대흥동,"대흥동은 서울 마포구 중앙부에 위치한 법정동으로, 대흥역과 신촌·공덕 생활권 사이에 자리한다. 서강대학교와 이화여자대학교, 마포아트센터 주변과 가까워 교육·문화 자원과 주거지, 생활상권이 함께 형성되어 있다."
마포구,도화동,"도화동은 서울 마포구 동남부에 위치한 법정동으로, 마포역과 공덕역 사이 마포대로 주변에 자리한다. 오피스 빌딩과 아파트 단지, 음식점이 밀집해 있으며 한강과 여의도 접근성이 좋아 업무·주거 기능이 함께 발달했다."
마포구,동교동,"동교동은 서울 마포구 홍대입구역 일대에 위치한 법정동이다. 홍대입구역, 경의선숲길, 연남동·서교동 상권과 가까워 카페, 음식점, 숙박시설, 문화공간이 많다. 젊은 유동인구와 관광 수요가 높은 지역이다."
마포구,마포동,"마포동은 서울 마포구 한강 북쪽, 마포역 인근에 위치한 법정동이다. 마포대교와 여의도 접근성이 좋고 오피스, 음식점, 한강변 주거지가 함께 분포한다. 한강 조망과 도심 업무 기능이 결합된 입지가 특징이다."
마포구,망원동,"망원동은 서울 마포구 서쪽에 위치한 법정동으로, 망원역과 망원시장, 망원한강공원을 중심으로 생활권이 형성되어 있다. 전통시장과 골목상권, 카페거리와 주거지가 어우러져 지역성과 방문 수요가 모두 높은 곳이다."
마포구,상수동,"상수동은 서울 마포구 한강 북쪽과 홍대 상권 사이에 위치한 법정동이다. 상수역과 서강대교, 홍익대학교 주변과 가까우며 카페, 공연장, 음식점, 문화공간이 많다. 젊은 문화와 한강 접근성이 결합된 지역이다."
마포구,상암동,"상암동은 서울 마포구 서북부의 대규모 업무·문화 중심 법정동이다. 디지털미디어시티, 방송사와 IT 기업, 월드컵공원, 서울월드컵경기장이 자리해 미디어 산업과 공원·주거 기능이 함께 조성된 지역이다."
마포구,서교동,"서교동은 서울 마포구 홍대 일대의 핵심 법정동이다. 홍대입구역과 홍익대학교, 홍대거리, 합정·상수 상권과 가까우며 공연장, 음식점, 카페, 디자인 관련 업종이 밀집해 서울의 대표 문화상권으로 알려져 있다."
마포구,성산동,"성산동은 서울 마포구 서북부에 위치한 법정동으로, 마포구청역과 월드컵경기장, 월드컵공원 생활권과 가깝다. 주거지와 학교, 근린상권이 넓게 분포하며 상암동 업무지구와 망원·홍대 상권을 연결하는 입지다."
마포구,신수동,"신수동은 서울 마포구 남동부에 위치한 법정동이다. 광흥창역과 대흥역, 서강대학교 주변과 가까우며 한강변과 마포대로 접근성이 좋다. 아파트, 다세대주택, 생활상권이 함께 형성된 도심형 주거지다."
마포구,신정동,"신정동은 서울 마포구 한강 북쪽에 위치한 소규모 법정동으로, 광흥창역과 서강대교 일대와 가깝다. 한강변 주거지와 근린상권, 서강동 생활권을 함께 이용할 수 있으며 비교적 조용한 주거 환경이 특징이다."
마포구,아현동,"아현동은 서울 마포구 동쪽에 위치한 법정동으로, 아현역과 애오개역, 공덕역 접근성이 좋다. 아파트 단지와 학교, 생활상권이 분포하고 충정로·신촌·공덕 업무지구와 가까워 도심 접근성이 높은 주거 지역이다."
마포구,연남동,"연남동은 서울 마포구 북동부, 홍대입구역과 경의선숲길 북쪽에 위치한 법정동이다. 카페, 음식점, 독립 상점이 밀집한 골목상권과 주거지가 어우러져 있으며, 산책과 외식 수요가 많은 개성 있는 지역이다."
마포구,염리동,"염리동은 서울 마포구 공덕과 대흥 사이에 위치한 법정동이다. 대흥역, 공덕역, 마포대로 접근성이 좋고 아파트 단지와 학교, 근린상권이 분포한다. 도심 업무지구와 대학가를 함께 이용할 수 있는 생활권이다."
마포구,용강동,"용강동은 서울 마포구 한강 북쪽, 마포역과 공덕역 사이에 위치한 법정동이다. 음식점 거리와 오피스, 아파트 단지가 함께 자리해 직장인 상권과 주거 기능이 공존한다. 한강과 여의도 접근성도 좋은 편이다."
마포구,창전동,"창전동은 서울 마포구 서강대학교와 홍익대학교 사이에 위치한 법정동이다. 광흥창역, 신촌·홍대 생활권과 가까우며 대학가 주거지와 소규모 상권이 함께 형성되어 있다. 교육·문화 분위기와 생활 편의가 공존한다."
마포구,토정동,"토정동은 서울 마포구 한강 북쪽, 마포역과 광흥창역 사이에 위치한 법정동이다. 한강변과 마포대로 접근성이 좋고 주거지, 음식점, 근린상권이 분포한다. 도심과 여의도 방면 이동이 편리한 생활권이다."
마포구,하중동,"하중동은 서울 마포구 서강동 생활권에 속한 소규모 법정동이다. 광흥창역과 상수역, 서강대교와 가까워 한강과 홍대·상수 상권을 함께 이용하기 좋다. 주거지와 근린상권이 혼재한 도심형 생활 지역이다."
마포구,합정동,"합정동은 서울 마포구 서남부에 위치한 법정동으로, 합정역과 양화대교, 홍대·상수·망원 상권과 가깝다. 복합상업시설, 카페, 음식점, 문화공간과 주거지가 밀집해 활발한 유동인구를 보이는 지역이다."
마포구,현석동,"현석동은 서울 마포구 한강 북쪽에 자리한 법정동으로, 광흥창역과 서강대교, 한강변 생활권과 가깝다. 아파트와 주거지가 중심을 이루며 한강 접근성과 조용한 주거 환경, 마포·신촌 방면 접근성이 특징이다."
마포구,노고산동,"노고산동은 서울 마포구 신촌역과 대흥역 사이에 위치한 법정동이다. 신촌 대학가와 서강대학교, 이화여자대학교 생활권과 가까워 음식점, 학원, 원룸, 소규모 상권이 발달한 대학가 배후 지역이다."
마포구,신공덕동,"신공덕동은 서울 마포구 공덕역 북쪽에 위치한 법정동이다. 공덕역 환승역세권과 마포대로, 아현·염리 생활권과 가깝고 아파트 단지와 업무시설, 근린상권이 함께 분포해 직주근접성이 좋은 지역이다."
서초구,내곡동,"내곡동은 서초구 남동쪽에 위치한 법정동으로, 청계산과 헌릉로 주변의 녹지·주거 성격이 강한 지역이다. 내곡지구와 세곡·양재 방면 생활권이 이어지며, 도심 접근성과 자연환경을 함께 갖춘 외곽 주거지로 볼 수 있다."
서초구,반포동,"반포동은 서초구 북부 한강 남쪽에 위치한 대표 법정동이다. 반포한강공원, 고속터미널, 센트럴시티, 서래마을 등이 가까우며, 대단지 아파트와 상업시설, 교통 거점이 함께 형성된 강남권 핵심 주거지다."
서초구,방배동,"방배동은 서초구 서남부에 위치한 법정동으로, 방배역·내방역·이수역·사당역 생활권과 맞닿아 있다. 아파트와 단독주택, 근린상권이 넓게 분포하며, 서초와 동작을 잇는 주거 중심 지역의 성격이 강하다."
서초구,서초동,"서초동은 서초구의 중심 법정동으로, 강남역·교대역·남부터미널역 일대를 포함하는 업무·상업·법조 중심지다. 서울중앙지방법원, 예술의전당, 서울교대 등이 가까워 행정·문화·교육 기능이 복합적으로 나타난다."
서초구,신원동,"신원동은 서초구 남동부 청계산 자락과 인접한 법정동이다. 원지동, 내곡동, 양재동 생활권과 이어지며, 녹지와 저층 주거지, 도로 접근성이 결합된 지역으로 도심 외곽의 조용한 생활환경이 특징이다."
서초구,양재동,"양재동은 서초구 동남부에 위치한 법정동으로, 양재역과 양재시민의숲, 양재천 일대가 대표적이다. 업무시설, 주거지, 음식점, 녹지공간이 함께 분포하며, 강남권과 성남 방면을 잇는 교통 입지가 좋다."
서초구,염곡동,"염곡동은 서초구 동남쪽 헌릉로와 양재대로 주변에 위치한 법정동이다. 코트라와 양재시민의숲, 내곡·양재 생활권이 가까우며, 업무시설과 저층 주거지, 녹지축이 함께 나타나는 비교적 한적한 지역이다."
서초구,우면동,"우면동은 서초구 남부 우면산과 양재천 사이에 위치한 법정동이다. 우면산 자연공원, 양재시민의숲, 서초구 남부 주거단지와 가까우며, 녹지와 연구·업무시설, 아파트 단지가 어우러진 생활권이다."
서초구,원지동,"원지동은 서초구 남동부 청계산입구와 서울추모공원 인근에 위치한 법정동이다. 경부고속도로와 헌릉로 접근성이 있고, 청계산 등산로와 자연녹지가 가까워 도심 외곽의 녹지·교통 거점 성격을 지닌다."
서초구,잠원동,"잠원동은 서초구 북부 한강변에 위치한 법정동이다. 잠원한강공원, 신사동·반포동 생활권, 잠원역과 가까우며, 아파트 단지와 생활상권이 발달해 한강 여가와 강남권 주거 기능이 결합된 지역이다."
서대문구,합동,"합동은 서대문구 동남부 충정로 생활권에 위치한 소규모 법정동이다. 충정로역과 서대문역, 서울역 방면 접근성이 좋고, 업무시설과 주거지, 근린상권이 인접해 도심 배후 생활권의 성격을 지닌다."
서대문구,냉천동,"냉천동은 서대문구 동쪽에 위치한 법정동으로, 서대문역과 독립문역, 영천시장 일대와 가깝다. 주거지와 학교, 근린상권이 함께 분포하며, 도심 업무지구와 역사·문화 시설을 함께 이용하기 쉬운 입지를 보인다."
서대문구,대신동,"대신동은 서대문구 신촌·이대 생활권에 위치한 법정동이다. 이화여자대학교와 신촌역, 이대역 주변 상권과 가까우며, 대학가 특유의 음식점·카페·상업시설과 주거지가 혼재해 젊은 유동인구가 많은 지역이다."
서대문구,대현동,"대현동은 서대문구 남동부 이대역 일대에 자리한 법정동이다. 이화여자대학교와 이대 상권을 중심으로 패션·음식점·카페가 밀집해 있으며, 신촌과 아현 방면 접근성이 좋아 대학가와 상업 기능이 두드러진다."
서대문구,미근동,"미근동은 서대문구 충정로와 서대문역 사이에 위치한 도심 법정동이다. 경찰청과 업무시설, 학교와 근린상권이 가까우며, 광화문·서울역·충정로 업무지구를 연결하는 입지로 직장인 유동인구가 많은 편이다."
서대문구,봉원동,"봉원동은 서대문구 안산 자락에 위치한 법정동으로, 봉원사와 연세대학교 뒤편 녹지축과 가깝다. 주거지와 산지 경관이 함께 나타나며, 신촌·연희동 생활권과 인접해 조용한 주거 환경과 자연 접근성이 특징이다."
서대문구,신촌동,"신촌동은 서대문구의 대표 대학가 법정동으로, 연세대학교와 신촌역 일대를 중심으로 상업·문화 기능이 발달했다. 음식점, 카페, 공연장, 학원과 숙박시설이 밀집해 청년층과 방문객의 유동이 많은 지역이다."
서대문구,연희동,"연희동은 서대문구 북서부의 주거 중심 법정동으로, 홍제천과 안산 자락, 연남동·신촌 생활권과 가깝다. 단독주택과 빌라, 근린상권이 어우러져 있으며, 개성 있는 식당과 카페가 늘어 조용한 주거지와 생활상권이 공존한다."
서대문구,영천동,"영천동은 서대문구 독립문역과 서대문역 사이에 위치한 법정동이다. 영천시장과 독립문공원, 서대문형무소역사관이 가까워 생활상권과 역사문화 자원이 함께 나타나며, 도심 접근성이 좋은 주거·상업 혼합 지역이다."
서대문구,옥천동,"옥천동은 서대문구 천연동 생활권에 속한 소규모 법정동으로, 독립문역과 서대문역, 안산 자락과 가깝다. 주거지와 학교, 근린상권이 인접해 있으며, 역사문화 시설과 도심 업무지구를 함께 이용할 수 있는 입지를 지닌다."
서대문구,창천동,"창천동은 서대문구 신촌역 일대에 위치한 법정동으로, 연세대학교와 신촌 상권을 중심으로 유동인구가 많은 지역이다. 음식점, 카페, 공연장, 학원과 상업시설이 밀집해 대학가와 청년 문화의 이미지가 강하다."
서대문구,천연동,"천연동은 서대문구 동쪽 독립문역 주변에 위치한 법정동이다. 독립문공원, 서대문형무소역사관, 안산 자락과 인접해 역사·문화·녹지 자원이 풍부하며, 주거지와 생활상권이 함께 형성되어 있다."
서대문구,현저동,"현저동은 서대문구 독립문과 안산 자락 사이에 위치한 법정동이다. 독립문공원과 서대문형무소역사관, 무악재역·독립문역이 가까워 역사문화 경관이 뚜렷하고, 주변 주거지와 녹지 접근성이 함께 나타난다."
서대문구,홍은동,"홍은동은 서대문구 북부의 홍제천과 백련산, 북한산 방면에 가까운 법정동이다. 홍제역과 내부순환로 접근성이 있으며, 아파트와 주택가, 학교와 생활상권이 넓게 분포해 자연환경과 주거 기능이 결합된 지역이다."
서대문구,홍제동,"홍제동은 서대문구 북동부 통일로를 따라 형성된 법정동이다. 홍제역과 무악재역, 인왕산·안산·홍제천이 가까워 교통과 자연 접근성이 좋고, 아파트 단지와 전통적인 주거지, 생활상권이 함께 발달해 있다."
서대문구,남가좌동,"남가좌동은 서대문구 서부 가좌 생활권에 위치한 법정동이다. 가좌역, 홍제천, 명지대학교와 가까우며, 가재울뉴타운을 비롯한 아파트 단지와 학교, 근린상권이 분포해 서북권 주거지 성격이 강하다."
서대문구,북가좌동,"북가좌동은 서대문구 북서부에 위치한 법정동으로, 불광천과 증산·수색 생활권에 인접한다. 아파트와 다세대주택, 학교와 생활상권이 함께 자리하며, 은평구와 마포구 방면 접근성이 좋은 주거 지역이다."
서대문구,북아현동,"북아현동은 서대문구 남동부 아현·이대 생활권에 위치한 법정동이다. 아현역과 이대역, 신촌 상권이 가까우며, 재개발 아파트 단지와 기존 주거지가 혼재해 도심 접근성이 좋은 주거지 성격을 보인다."
서대문구,충정로2가,"충정로2가는 서대문구 동남부 충정로역 인근에 위치한 법정동이다. 서울역, 서대문역, 광화문 방면 접근성이 좋고, 업무시설과 주거시설, 학교와 근린상권이 밀집해 도심 배후의 업무·생활 기능이 함께 나타난다."
서대문구,충정로3가,"충정로3가는 서대문구 충정로역 주변에 자리한 법정동으로, 도심 업무지구와 서울역·마포 방면을 잇는 입지에 있다. 오피스와 주거시설, 음식점과 생활상권이 함께 분포해 직주근접형 도심 생활권의 성격이 강하다."
성동구,도선동,"도선동은 서울 성동구 왕십리역 인근에 위치한 법정동으로, 왕십리도선동 생활권의 중심부에 속한다. 왕십리역, 성동구청, 청계천 방면과 가까워 교통과 업무 접근성이 높고, 주거지와 상업시설이 함께 분포한다."
성동구,마장동,"마장동은 서울 성동구 북서부에 위치한 법정동으로, 마장축산물시장과 마장역 일대가 잘 알려져 있다. 청계천과 왕십리, 동대문 방면이 가까워 전통 상권과 주거지, 생활 편의시설이 함께 형성된 지역이다."
성동구,사근동,"사근동은 서울 성동구 북부에 자리한 법정동으로, 한양대학교와 왕십리역, 중랑천 인근 생활권과 맞닿아 있다. 대학가 분위기와 주거지가 공존하며, 청계천과 중랑천을 이용한 보행·여가 접근성도 갖춘 지역이다."
성동구,송정동,"송정동은 서울 성동구 동쪽 중랑천변에 위치한 법정동이다. 군자교와 장한평, 군자역 방면 생활권과 가깝고, 중랑천 산책로를 중심으로 주거지와 근린상권이 형성되어 비교적 차분한 생활 환경을 보인다."
성동구,옥수동,"옥수동은 서울 성동구 남서부 한강변과 남산 자락 사이에 위치한 법정동이다. 옥수역과 금호·한남 생활권이 가깝고, 한강공원과 달맞이봉공원 등 녹지 접근성이 좋아 주거 선호도가 높은 지역이다."
성동구,용답동,"용답동은 서울 성동구 동북부 청계천·중랑천 인근에 위치한 법정동이다. 용답역과 장한평 자동차 관련 상권, 동대문·광진 방면 도로망이 가까워 주거지와 교통·상업 기능이 함께 나타나는 지역이다."
성동구,응봉동,"응봉동은 서울 성동구 남동부 한강과 중랑천이 만나는 지점 가까이에 위치한 법정동이다. 응봉산, 응봉역, 한강변 산책로가 가까워 조망과 여가 환경이 좋고, 아파트 단지를 중심으로 주거 기능이 발달해 있다."
성동구,행당동,"행당동은 서울 성동구 중심부에 위치한 법정동으로, 왕십리역과 행당역, 한양대학교 생활권이 가깝다. 대단지 아파트와 학교, 상업시설, 공공기관이 함께 자리해 성동구의 대표적인 주거·생활 중심지 역할을 한다."
성동구,홍익동,"홍익동은 서울 성동구 왕십리역과 청계천 사이에 위치한 소규모 법정동이다. 도선동·상왕십리동 생활권과 맞닿아 있으며, 도심 접근성이 좋은 주거지와 근린상권이 분포해 왕십리 주변 생활권의 일부를 이룬다."
성동구,상왕십리동,"상왕십리동은 서울 성동구 서북부 왕십리 생활권에 위치한 법정동이다. 상왕십리역, 왕십리역, 청계천 일대와 가까우며, 주거지와 음식점, 생활상권이 함께 형성되어 도심과 동북권을 잇는 입지적 특징이 있다."
성동구,하왕십리동,"하왕십리동은 서울 성동구 왕십리역 동쪽과 청계천 남쪽 생활권에 위치한 법정동이다. 왕십리역과 상왕십리역 접근성이 좋고, 아파트 단지와 골목 상권, 학교가 분포해 생활 편의가 높은 주거 지역이다."
성동구,금호동1가,"금호동1가는 서울 성동구 서남부 금호동 생활권에 위치한 법정동이다. 금호역과 신금호역, 응봉산·대현산공원이 가까우며, 구릉지형 주거지와 아파트 단지, 근린상권이 함께 형성된 지역이다."
성동구,성수동1가,"성수동1가는 서울 성동구 남동부 한강 북쪽에 위치한 법정동이다. 서울숲, 뚝섬역, 성수 카페거리와 가까워 주거·상업·문화 기능이 공존하며, 오래된 산업 공간이 새로운 상권으로 변화한 성수동의 대표 지역이다."
성동구,금호동2가,"금호동2가는 서울 성동구 금호동 중부에 위치한 법정동이다. 신금호역과 금호역 접근성이 좋고, 대현산공원과 응봉산 일대 녹지, 아파트 단지와 생활상권이 어우러져 도심 접근성이 좋은 주거 지역이다."
성동구,성수동2가,"성수동2가는 서울 성동구 동남부에 위치한 법정동으로, 성수역과 건대입구, 영동대교 방면과 가깝다. 준공업지역의 기반 위에 업무시설, 카페, 편집숍, 문화공간이 늘어나며 성수 상권의 확장성을 보여준다."
성동구,금호동3가,"금호동3가는 서울 성동구 금호동 생활권 안쪽에 위치한 법정동이다. 신금호역과 금호역, 응봉산 방면 접근성이 좋고, 구릉지 주거지와 아파트, 학교와 근린상권이 형성되어 안정적인 생활 기반을 갖추고 있다."
성동구,금호동4가,"금호동4가는 서울 성동구 남서부 한강과 가까운 법정동이다. 금호역과 옥수역, 동호대교·한강공원 접근성이 좋고, 아파트 단지와 생활상권이 자리해 도심과 강남 방면 이동이 편리한 주거 지역이다."
성북구,길음동,"길음동은 서울 성북구 북동부에 위치한 법정동으로, 길음역과 미아사거리 일대 생활권과 가깝다. 길음뉴타운을 중심으로 대규모 아파트 단지와 학교, 근린상권이 발달했으며, 동북권 주거지로서 교통과 생활 편의성이 높다."
성북구,돈암동,"돈암동은 서울 성북구 서남부에 위치한 법정동으로, 성신여대입구역과 동소문로, 아리랑고개 일대와 가깝다. 성신여자대학교 주변 상권과 주거지가 함께 형성되어 있으며, 성북구의 교육·생활 기능이 밀집한 지역이다."
성북구,석관동,"석관동은 서울 성북구 동쪽에 위치한 법정동으로, 석계역과 돌곶이역, 중랑천 생활권에 접한다. 한국예술종합학교 석관동 캠퍼스와 의릉, 주거지와 근린상권이 자리해 교육·문화 자원과 생활 기반이 함께 나타난다."
성북구,성북동,"성북동은 서울 성북구 북서부 북악산 자락에 위치한 법정동이다. 길상사, 간송미술관, 성북천, 대사관저와 저층 주거지가 어우러져 있으며, 역사·문화 자원과 조용한 주거 환경이 함께 있는 지역으로 알려져 있다."
성북구,장위동,"장위동은 서울 성북구 북동부에 위치한 법정동으로, 돌곶이역과 석계역, 월계동 생활권과 가깝다. 장위뉴타운 정비사업 구역과 기존 주택가가 함께 분포하며, 동북권 주거지의 변화가 뚜렷하게 나타나는 지역이다."
성북구,정릉동,"정릉동은 서울 성북구 북서부에 위치한 법정동으로, 북한산 자락과 정릉천, 국민대학교 일대와 가깝다. 자연환경과 주거지가 맞닿아 있으며, 학교, 아파트, 골목상권이 함께 형성된 성북구의 대표 주거 생활권이다."
성북구,종암동,"종암동은 서울 성북구 중동부에 위치한 법정동이다. 종암사거리와 내부순환로, 고려대학교와 월곡동 방면이 가까우며, 아파트 단지와 학교, 근린상권이 고르게 분포해 성북구 동부 생활권의 중심 성격을 가진다."
성북구,상월곡동,"상월곡동은 서울 성북구 동부에 위치한 법정동으로, 상월곡역과 동덕여자대학교, 월곡산 일대와 가깝다. 주거지와 학교, 공원, 근린상권이 함께 형성되어 있으며, 비교적 조용한 동북권 주거 생활권에 속한다."
성북구,하월곡동,"하월곡동은 서울 성북구 동부 월곡 생활권에 위치한 법정동이다. 월곡역과 동덕여자대학교, 종암동·상월곡동 방면과 가깝고, 아파트 단지와 주거지, 생활상권이 밀집해 교육·주거 기능이 함께 나타난다."
성북구,동소문동1가,"동소문동1가는 서울 성북구 남서부에 있는 소규모 법정동으로, 한성대입구역과 성북천, 성북동 입구와 가깝다. 동소문로 주변의 상업시설과 주거지가 맞닿아 있으며, 성북동과 도심을 연결하는 입지적 성격이 있다."
성북구,동선동1가,"동선동1가는 서울 성북구 동선동 생활권에 속한 법정동으로, 성신여대입구역과 성신여자대학교 일대와 가깝다. 대학가 상권, 음식점, 카페, 주거시설이 밀집해 유동인구가 많고 젊은 상권 분위기가 강하다."
성북구,보문동1가,"보문동1가는 서울 성북구 남부 보문동 생활권에 위치한 법정동이다. 보문역과 성북천, 신설동 방면이 가까우며, 주거지와 소규모 상권, 학교와 종교시설이 분포해 도심 접근성이 좋은 생활권을 형성한다."
성북구,삼선동1가,"삼선동1가는 서울 성북구 남서부 삼선동 일대의 법정동으로, 한성대학교와 한성대입구역, 성북천 주변과 가깝다. 대학가 상권과 주거지가 함께 나타나며, 도심과 성북구 주거지를 잇는 입지적 특성이 있다."
성북구,성북동1가,"성북동1가는 서울 성북구 성북동 입구에 가까운 법정동으로, 한성대입구역과 성북천, 성북동길 방면과 인접한다. 주거지와 문화시설, 근린상권이 함께 분포하며 성북동의 역사·문화 생활권으로 이어지는 지역이다."
성북구,안암동1가,"안암동1가는 서울 성북구 남동부 안암동 생활권에 위치한 법정동이다. 보문역과 안암역, 고려대학교 주변과 가까우며, 대학가 수요를 바탕으로 주거시설, 음식점, 생활편의시설이 분포하는 지역이다."
성북구,동소문동2가,"동소문동2가는 서울 성북구 남서부에 위치한 법정동으로, 한성대입구역과 성북천, 동소문로 주변과 가깝다. 소규모 상업시설과 주거지가 혼재하며, 성북동과 삼선동 생활권을 연결하는 도심 인접 지역이다."
성북구,동선동2가,"동선동2가는 서울 성북구 성신여대입구역 주변 생활권에 속한 법정동이다. 성신여자대학교와 동소문로 상권, 음식점과 카페가 가까우며, 대학가와 주거지가 결합된 성북구 남서부의 활발한 생활 지역이다."
성북구,보문동2가,"보문동2가는 서울 성북구 보문동 일대의 법정동으로, 보문역과 성북천, 안암동 방면과 가까운 위치에 있다. 주거지와 근린상권이 함께 분포하고, 도심 및 대학가 접근성이 좋은 생활 기반을 갖춘 지역이다."
성북구,삼선동2가,"삼선동2가는 서울 성북구 삼선동 생활권에 있는 법정동으로, 한성대학교와 성북천, 한성대입구역 일대와 가깝다. 대학가 상권과 주거지가 인접해 있으며, 도심 접근성이 좋은 성북구 남서부 생활 지역이다."
성북구,안암동2가,"안암동2가는 서울 성북구 안암동 생활권의 법정동으로, 고려대학교와 안암역, 보문역 방면 접근성이 좋다. 대학가 주변의 음식점, 카페, 원룸, 생활상권이 분포해 교육·주거 기능이 함께 나타난다."
성북구,동소문동3가,"동소문동3가는 서울 성북구 남서부 동소문로 주변에 위치한 법정동이다. 성신여대입구역과 한성대입구역 사이 생활권에 속하며, 상업시설과 주거시설이 함께 자리해 도심 인접 생활지 성격을 보인다."
성북구,동선동3가,"동선동3가는 서울 성북구 동선동 일대에 위치한 법정동으로, 성신여자대학교와 성신여대입구역 상권이 가깝다. 음식점, 카페, 학원, 주거시설이 혼재해 대학가 배후 주거·상업 지역의 성격이 뚜렷하다."
성북구,보문동3가,"보문동3가는 서울 성북구 보문동 생활권에 속한 법정동이다. 보문역과 성북천, 고려대·신설동 방면이 가까우며, 소규모 주거지와 근린상권, 학교 주변 생활시설이 함께 분포하는 도심 인접 지역이다."
성북구,삼선동3가,"삼선동3가는 서울 성북구 삼선동 일대에 있는 법정동으로, 한성대학교와 성북천, 낙산 방면과 가깝다. 대학가 수요와 주거 기능이 함께 나타나며, 성북구 남서부의 오래된 생활권을 이루는 지역이다."
성북구,안암동3가,"안암동3가는 서울 성북구 안암동 생활권에 위치한 법정동으로, 고려대학교와 안암역 일대와 인접한다. 대학가 주변의 음식점, 카페, 병원, 주거시설이 분포해 학생과 지역 주민의 이용이 많은 지역이다."
성북구,동소문동4가,"동소문동4가는 서울 성북구 동소문로 주변에 자리한 법정동이다. 성신여대입구역과 성신여자대학교, 돈암동 생활권이 가까우며, 상업시설과 주거시설이 함께 분포해 도심 접근성이 좋은 생활 지역이다."
성북구,동선동4가,"동선동4가는 서울 성북구 동선동 생활권의 법정동으로, 성신여대입구역과 성신여자대학교 주변 상권에 가깝다. 대학가 상업시설과 주거지, 원룸이 함께 분포해 젊은 유동인구가 많은 지역이다."
성북구,보문동4가,"보문동4가는 서울 성북구 보문동 일대의 법정동으로, 보문역과 성북천, 안암동 방면과 가깝다. 주거지와 근린상권, 학교 주변 생활시설이 어우러져 도심과 대학가를 잇는 생활권 성격을 가진다."
성북구,삼선동4가,"삼선동4가는 서울 성북구 삼선동 생활권에 속한 법정동으로, 한성대학교와 한성대입구역, 성북천 주변과 가깝다. 대학가 상권과 주거지가 함께 나타나며, 낙산과 도심 방면 접근성이 좋은 지역이다."
성북구,안암동4가,"안암동4가는 서울 성북구 안암동 일대의 법정동으로, 고려대학교와 안암역, 개운산 주변 생활권과 가깝다. 대학 관련 시설과 주거지, 음식점, 생활상권이 분포해 교육·주거 기능이 결합된 지역이다."
성북구,동소문동5가,"동소문동5가는 서울 성북구 성신여대입구역 인근 생활권에 위치한 법정동이다. 동소문로와 돈암동, 동선동 상권이 가까우며, 상업시설과 주거시설이 밀집해 교통과 생활 편의성이 좋은 지역이다."
성북구,동선동5가,"동선동5가는 서울 성북구 동선동 일대의 법정동으로, 성신여자대학교와 성신여대입구역 상권과 인접한다. 음식점, 카페, 학원, 주거시설이 함께 자리해 대학가 배후 생활지의 성격이 강하다."
성북구,보문동5가,"보문동5가는 서울 성북구 보문동 생활권에 속한 법정동이다. 보문역과 성북천, 안암동·신설동 방면 접근성이 있으며, 주거지와 근린상권이 혼재해 도심 인접 주거지로서의 기능을 갖춘다."
성북구,삼선동5가,"삼선동5가는 서울 성북구 삼선동 일대에 위치한 법정동으로, 한성대학교와 성북천, 한성대입구역 주변과 가깝다. 주거지와 대학가 상권이 함께 형성되어 있으며, 성북구 남서부 생활권의 일부를 이룬다."
성북구,안암동5가,"안암동5가는 서울 성북구 안암동 생활권에 있는 법정동으로, 고려대학교와 안암역, 고려대역 방면 접근성이 좋다. 대학가 상권, 병원, 음식점, 주거시설이 인접해 유동인구와 생활 수요가 많은 지역이다."
성북구,동소문동6가,"동소문동6가는 서울 성북구 돈암동·동선동 생활권에 가까운 법정동이다. 성신여대입구역과 동소문로 상권이 인접하고, 주거시설과 상업시설이 혼재해 성북구 남서부의 교통·생활 거점 성격을 보인다."
성북구,보문동6가,"보문동6가는 서울 성북구 보문동 일대의 법정동으로, 보문역과 성북천, 안암동 및 신설동 방면과 가깝다. 주거지와 생활상권, 학교 주변 시설이 함께 분포해 도심 접근성이 좋은 생활 지역이다."
성북구,동소문동7가,"동소문동7가는 서울 성북구 성신여대입구역과 돈암동 생활권에 인접한 법정동이다. 동소문로 주변의 상업시설, 주거지, 대중교통 접근성이 결합되어 성북구 남서부의 활발한 생활권을 이룬다."
성북구,보문동7가,"보문동7가는 서울 성북구 보문동 생활권에 위치한 법정동으로, 보문역과 성북천, 안암동 방면과 가깝다. 주거지와 근린상권이 함께 형성되어 있으며, 도심과 대학가 사이의 생활 기반을 갖춘 지역이다."
송파구,가락동,"가락동은 서울 송파구 남부에 위치한 법정동으로, 가락시장과 송파대로, 가락시장역 일대가 대표적이다. 대규모 농수산물도매시장과 상업·업무시설, 아파트 단지가 함께 자리해 물류·상업 기능과 주거 기능이 결합된 지역이다."
송파구,거여동,"거여동은 서울 송파구 동남부에 위치한 법정동으로, 거여역과 위례신도시, 마천동 생활권과 가깝다. 기존 주거지와 재개발 주거단지, 근린상권이 함께 나타나며, 송파 동남권의 주거 확장 지역으로 볼 수 있다."
송파구,마천동,"마천동은 서울 송파구 남동쪽에 자리한 법정동으로, 마천역과 성내천, 남한산성 방면과 가깝다. 오래된 주거지와 생활상권이 형성되어 있으며, 산지와 하천 접근성이 있어 송파 외곽의 생활 밀착형 주거지 성격을 지닌다."
송파구,문정동,"문정동은 서울 송파구 남부에 위치한 법정동으로, 문정역과 장지역, 법조단지와 문정비즈밸리 일대가 주요 거점이다. 업무시설, 지식산업센터, 대형 유통시설과 아파트 단지가 함께 형성된 복합 업무·주거 지역이다."
송파구,방이동,"방이동은 서울 송파구 동부에 위치한 법정동으로, 올림픽공원과 방이동 먹자골목, 방이역 일대가 잘 알려져 있다. 주거지와 음식점, 숙박·상업시설, 공원 접근성이 결합되어 잠실과 올림픽공원을 잇는 생활권을 이룬다."
송파구,삼전동,"삼전동은 서울 송파구 서남부에 위치한 법정동으로, 잠실과 석촌동 생활권 사이에 자리한다. 삼전역과 백제고분로, 석촌호수 접근성이 좋고, 아파트와 다세대주택, 근린상권이 혼재한 도심형 주거지 성격을 보인다."
송파구,석촌동,"석촌동은 서울 송파구 중앙부에 위치한 법정동으로, 석촌호수와 석촌역, 백제고분군이 대표적인 지역 자원이다. 잠실 상권과 송파대로 접근성이 좋으며, 주거지와 음식점·카페 상권, 역사·휴식 공간이 함께 나타난다."
송파구,송파동,"송파동은 서울 송파구 중앙부에 위치한 법정동으로, 송파역과 석촌역, 석촌호수 및 송리단길 생활권과 가깝다. 아파트와 주택가, 음식점과 근린상권이 밀집해 있으며, 잠실과 가락동을 연결하는 입지가 특징이다."
송파구,신천동,"신천동은 서울 송파구 잠실역과 한강변 사이에 위치한 법정동이다. 롯데월드타워, 롯데월드몰, 잠실나루역, 한강공원과 가까우며, 대형 상업·업무시설과 고층 주거단지가 결합된 잠실 핵심 생활권이다."
송파구,오금동,"오금동은 서울 송파구 동남부에 위치한 법정동으로, 오금역과 개롱역, 오금공원 일대가 주요 생활 거점이다. 아파트 단지와 학교, 공원과 근린상권이 고르게 분포해 녹지 접근성과 주거 안정성이 돋보이는 지역이다."
송파구,잠실동,"잠실동은 서울 송파구의 대표 법정동으로, 잠실역과 종합운동장, 석촌호수, 한강변 일대를 포함하는 핵심 생활권이다. 대형 상업시설, 스포츠시설, 고층 아파트 단지와 업무 기능이 밀집해 서울 동남권을 상징하는 지역이다."
송파구,장지동,"장지동은 서울 송파구 남부에 위치한 법정동으로, 장지역과 가든파이브, 위례신도시 방면과 가깝다. 대형 유통시설과 아파트 단지, 문정동 업무지구 접근성이 결합되어 주거·상업 기능이 함께 발달한 지역이다."
송파구,풍납동,"풍납동은 서울 송파구 북서부 한강변에 위치한 법정동으로, 풍납토성과 천호 생활권이 인접한다. 역사 유적과 주거지가 함께 분포하며, 한강 접근성과 강동구·잠실 방면 교통 연결성이 특징인 생활권이다."
양천구,목동,"목동은 양천구 북동부에 위치한 대표 주거·상업 지역이다. 목동아파트 단지, 목동역, 오목교역, 현대백화점 목동점, 목동종합운동장 등이 자리해 생활 편의성과 교통 접근성이 높다. 학원가와 안양천, 공원도 가까워 교육·주거 이미지가 강하다."
양천구,신월동,"신월동은 양천구 서남부에 넓게 자리한 주거 중심 법정동이다. 남부순환로와 신월로를 따라 생활권이 형성되어 있으며, 전통시장, 학교, 공원, 근린상권이 곳곳에 분포한다. 강서구와 부천 방면 접근성이 있고 서남권 생활 주거지의 성격이 뚜렷하다."
양천구,신정동,"신정동은 양천구 중남부에 위치한 법정동으로, 양천구청과 양천경찰서 등 공공기관이 자리한 행정 중심지 성격을 갖는다. 목동아파트 단지, 양천공원, 신정네거리역, 계남근린공원과 가까우며 주거·행정·생활상권이 함께 발달해 있다."
용산구,갈월동,"갈월동은 용산구 북부 서울역과 숙대입구역 사이에 위치한 법정동이다. 남영역과 한강대로, 청파로 접근성이 좋고 업무시설과 주거지, 대학가 상권이 인접해 있다. 도심 이동이 편리한 역세권 성격이 강하다."
용산구,남영동,"남영동은 용산구 북동부 남영역과 숙대입구역 일대에 자리한 법정동이다. 한강대로를 중심으로 업무시설과 음식점, 숙명여자대학교 인근 상권이 형성되어 있다. 서울역과 용산역 방면 접근성도 좋은 도심 생활권이다."
용산구,도원동,"도원동은 용산구 서부 원효로와 효창공원 사이에 위치한 법정동이다. 효창공원앞역과 용문시장, 원효로 생활권이 가까우며 주거지와 근린상권이 함께 분포한다. 비교적 조용한 주거 분위기와 생활 편의성이 특징이다."
용산구,동자동,"동자동은 용산구 북부 서울역 인근에 위치한 법정동이다. 서울역, 남대문로, 후암동과 가까워 철도·버스 교통 접근성이 매우 높다. 숙박시설, 업무시설, 음식점과 오래된 주거지가 혼재한 도심 입지의 지역이다."
용산구,문배동,"문배동은 용산구 중심부 원효로와 한강로 사이에 위치한 법정동이다. 용산역과 신용산역, 효창공원앞역 생활권에 접하며 주거단지와 업무·상업시설이 함께 자리한다. 용산 개발축과 가까운 입지적 특성이 있다."
용산구,보광동,"보광동은 용산구 동남부 한강 북쪽에 위치한 법정동이다. 한남동, 이태원동, 서빙고동과 인접하고 강변북로 접근성이 좋다. 구릉지 주거지와 근린상권이 형성되어 있으며 한강과 남산 생활권을 함께 이용하기 쉽다."
용산구,산천동,"산천동은 용산구 서남부 한강과 원효로 사이에 위치한 법정동이다. 원효대교 북단, 용산역, 효창공원 방면과 가까우며 아파트 단지와 주거시설이 분포한다. 한강변 생활권과 도심 접근성이 결합된 지역이다."
용산구,서계동,"서계동은 용산구 북서부 서울역 서쪽에 위치한 법정동이다. 서울역과 만리동, 청파동 생활권이 가깝고 오래된 주거지와 골목 상권이 이어진다. 도심과 철도 교통의 영향을 받는 입지로 재정비 관심도 높은 지역이다."
용산구,신계동,신계동은 용산구 서부 원효로와 효창공원 일대에 위치한 법정동이다. 효창공원앞역과 용산역 방면 접근성이 좋고 주거지와 소규모 상권이 분포한다. 도심과 용산역세권 사이의 생활 기반을 지닌 지역이다.
용산구,신창동,"신창동은 용산구 서남부 한강 북쪽 원효로 생활권에 자리한 법정동이다. 원효대교, 용산역, 효창공원 방면과 가까우며 주거지와 근린상권이 함께 형성되어 있다. 한강 접근성과 도심 이동 편의성이 있는 지역이다."
용산구,용문동,"용문동은 용산구 서부 효창공원과 원효로 사이에 위치한 법정동이다. 용문시장, 효창공원앞역, 용산역 생활권과 가까우며 전통적인 주거지와 시장 상권이 함께 나타난다. 생활 밀착형 상권이 발달한 지역이다."
용산구,이촌동,"이촌동은 용산구 남부 한강변에 위치한 법정동이다. 이촌역, 국립중앙박물관, 용산가족공원, 이촌 한강공원과 가까우며 대규모 아파트 단지가 형성되어 있다. 한강 조망과 문화시설 접근성이 강한 주거 지역이다."
용산구,주성동,"주성동은 용산구 동남부 한남동과 보광동 사이에 자리한 소규모 법정동이다. 한남오거리, 이태원, 한강진 생활권과 가까우며 주거지와 근린상권이 혼재한다. 남산과 한강 사이의 구릉지 생활환경이 특징이다."
용산구,청암동,"청암동은 용산구 서남부 한강 북쪽에 위치한 법정동이다. 원효대교와 강변북로, 용산역 방면 접근성이 좋고 한강변 아파트와 주거시설이 분포한다. 한강 생활권과 도심 접근성을 함께 갖춘 지역이다."
용산구,한남동,"한남동은 용산구 동부 남산과 한강 사이에 위치한 법정동이다. 한남오거리, 한강진역, 대사관로 일대에 고급 주거지와 상업·문화시설이 분포한다. 이태원과 강남 방면을 잇는 교통 입지도 두드러진다."
용산구,효창동,"효창동은 용산구 서북부 효창공원 일대에 위치한 법정동이다. 효창공원앞역, 숙명여자대학교, 용문동 생활권과 가까우며 역사공원과 주거지가 함께 자리한다. 도심 접근성과 녹지 환경을 갖춘 지역이다."
용산구,후암동,"후암동은 용산구 북부 남산 남쪽에 위치한 법정동이다. 서울역, 남산공원, 해방촌과 가까우며 언덕길 주거지와 골목 상권이 발달해 있다. 도심과 남산 생활권을 연결하는 입지로 오래된 주거 분위기가 남아 있다."
용산구,동빙고동,"동빙고동은 용산구 동남부 한강 북쪽에 위치한 법정동이다. 서빙고동, 한남동, 보광동과 인접하고 강변북로 접근성이 좋다. 주거지와 군사·공공시설 영향권이 함께 나타나며 한강변 생활권과 가까운 지역이다."
용산구,서빙고동,"서빙고동은 용산구 남동부 한강변에 위치한 법정동이다. 서빙고역, 국립중앙박물관, 용산가족공원, 이촌 한강공원과 가까워 녹지와 문화시설 접근성이 좋다. 한강을 끼고 형성된 주거 생활권이다."
용산구,이태원동,"이태원동은 용산구 동부 이태원역과 녹사평역 일대에 위치한 법정동이다. 이태원로와 세계음식거리, 경리단길 인근 상권이 유명하며 다문화적 분위기가 강하다. 관광·상업 기능과 주거지가 공존하는 지역이다."
용산구,용산동1가,"용산동1가는 용산구 북동부 남산 남쪽에 위치한 법정동이다. 해방촌과 후암동, 남산공원 생활권에 접하며 구릉지 주거지와 소규모 상권이 분포한다. 이태원·서울역 방면 접근성이 있는 지역이다."
용산구,원효로1가,"원효로1가는 용산구 서부 원효로 일대에 위치한 법정동이다. 남영역, 효창공원앞역, 용산역 방면과 가까우며 주거지와 소규모 상업시설이 혼재한다. 한강대로와 원효로를 이용한 도심 접근성이 좋다."
용산구,청파동1가,청파동1가는 용산구 북서부 서울역과 숙명여자대학교 사이에 위치한 법정동이다. 청파로와 숙대입구역 생활권에 접하며 대학가 상권과 주거지가 함께 자리한다. 서울역 접근성이 좋은 도심 배후 지역이다.
용산구,한강로1가,"한강로1가는 용산구 중심부 삼각지역과 한강대로 일대에 위치한 법정동이다. 삼각지역, 신용산역, 전쟁기념관과 가까우며 업무시설과 상업시설이 밀집해 있다. 용산 도심축의 핵심 입지 중 하나다."
용산구,용산동2가,"용산동2가는 용산구 북동부 해방촌과 남산 남쪽 일대에 위치한 법정동이다. 남산공원, 경리단길, 이태원 생활권이 가까우며 언덕길 주거지와 개성 있는 카페·음식점 상권이 함께 형성되어 있다."
용산구,원효로2가,"원효로2가는 용산구 서부 원효로 중간 생활권에 위치한 법정동이다. 효창공원앞역, 용문시장, 용산역 방면과 가깝고 주거지와 근린상권이 혼재한다. 생활 편의시설과 도심 접근성이 균형을 이루는 지역이다."
용산구,청파동2가,"청파동2가는 용산구 북서부 청파로 일대에 위치한 법정동이다. 숙명여자대학교, 숙대입구역, 서울역과 가까우며 대학가 상권과 주거지가 함께 발달했다. 도심과 학교 생활권이 맞닿은 지역이다."
용산구,한강로2가,"한강로2가는 용산구 중심부 신용산역과 용산역 사이에 위치한 법정동이다. 용산전자상가, 아이파크몰, 한강대로 업무지구와 가까우며 상업·업무·교통 기능이 집중된 용산의 중심 생활권이다."
용산구,용산동3가,"용산동3가는 용산구 중심부 한강대로와 남산 남쪽 사이에 위치한 법정동이다. 삼각지역, 녹사평역, 전쟁기념관 인근 생활권과 가깝고 업무시설과 주거지가 혼재한다. 용산 도심과 이태원 방면을 잇는 입지다."
용산구,원효로3가,"원효로3가는 용산구 서남부 원효로와 한강변 사이에 위치한 법정동이다. 원효대교 북단, 용산역, 전자상가 방면과 가까우며 주거지와 상업시설이 함께 분포한다. 한강 접근성과 도심 이동 편의성이 있다."
용산구,청파동3가,"청파동3가는 용산구 북서부 숙명여자대학교 인근에 위치한 법정동이다. 숙대입구역, 남영역, 서울역 생활권이 가까우며 대학가 상권과 주거지가 함께 형성되어 있다. 청파로를 중심으로 생활 편의시설이 분포한다."
용산구,한강로3가,"한강로3가는 용산구 중심부 용산역 일대에 위치한 법정동이다. 용산역, 아이파크몰, 용산전자상가, 신용산역과 가까워 상업·교통 기능이 발달했다. 대규모 개발과 업무시설, 주거단지가 함께 나타나는 지역이다."
용산구,용산동4가,"용산동4가는 용산구 중심부 한강대로와 용산공원 인근에 위치한 법정동이다. 삼각지역, 전쟁기념관, 신용산 생활권과 가까우며 공공·문화시설과 업무지구 접근성이 있다. 용산 중심축과 맞닿은 지역이다."
용산구,원효로4가,"원효로4가는 용산구 서남부 한강 북쪽에 위치한 법정동이다. 원효대교와 강변북로, 용산역 방면 접근성이 좋고 주거지와 근린상권이 함께 분포한다. 한강변 생활권과 원효로 상권을 함께 이용할 수 있다."
용산구,용산동5가,"용산동5가는 용산구 남부 한강 북쪽에 위치한 법정동이다. 이촌동, 한강로, 용산역 생활권과 가까우며 주거지와 상업시설이 함께 분포한다. 한강과 용산 중심부를 연결하는 입지적 특성이 있다."
용산구,용산동6가,"용산동6가는 용산구 남부 이촌동과 용산가족공원 인근에 위치한 법정동이다. 국립중앙박물관, 이촌역, 한강공원과 가까우며 문화·녹지 자원이 풍부하다. 한강변 주거 생활권과 연결되는 지역이다."
은평구,갈현동,"갈현동은 은평구 북부에 위치한 법정동으로, 연신내역과 구산역 생활권에 가까운 주거·상업 혼재 지역이다. 연서로와 통일로 주변으로 음식점, 병원, 학교, 시장이 분포하며, 연신내 상권과 연결된 생활 편의성이 특징이다."
은평구,구산동,"구산동은 은평구 서북부에 자리한 법정동으로, 구산역과 연신내 생활권을 함께 이용할 수 있는 지역이다. 주택가와 학교, 근린상권이 밀집해 있고 봉산과 인접해 녹지 접근성이 좋아 비교적 차분한 주거지 성격을 가진다."
은평구,녹번동,"녹번동은 은평구 남동부에 위치한 법정동으로, 녹번역과 은평구청, 불광천 생활권에 인접해 있다. 행정기관과 문화시설, 주거지가 함께 분포하며 통일로를 통한 도심 접근성이 좋아 은평구의 주요 생활 거점 중 하나다."
은평구,대조동,"대조동은 은평구 중심부의 법정동으로, 불광역과 연신내역 사이에 위치한다. 지하철 3·6호선 접근성이 좋고 상점, 음식점, 병원 등이 밀집해 있다. 연신내 상권과 불광 생활권을 잇는 도심형 생활 지역이다."
은평구,불광동,"불광동은 은평구 북동부에 위치하며 불광역과 북한산 자락을 중심으로 형성된 법정동이다. 통일로 주변 상권, 전통시장, 주거지가 함께 발달했고 북한산과 가까워 자연환경과 교통 접근성을 함께 갖춘 지역이다."
은평구,수색동,"수색동은 은평구 서부에 위치한 법정동으로, 수색역과 디지털미디어시티역 인근 교통축에 자리한다. 철도와 수색로를 따라 주거지와 상업시설이 형성되어 있고, 상암DMC와 가까워 서북권 업무·문화 생활권과 연결된다."
은평구,신사동,"신사동은 은평구 남부에 위치한 법정동으로, 새절역과 증산역, 응암역 생활권을 이용하기 좋은 지역이다. 불광천이 가까워 산책 환경이 좋고, 주택가와 학교, 근린상권이 함께 자리해 안정적인 주거 생활권을 이룬다."
은평구,역촌동,"역촌동은 은평구 중앙부에 위치한 법정동으로, 역촌역과 구산역, 응암역 접근성이 좋은 주거 지역이다. 불광천과 가까운 생활환경, 아파트와 다세대주택, 골목상권이 어우러져 은평구 내 생활 편의성이 높은 지역이다."
은평구,응암동,"응암동은 은평구 남부에 위치한 법정동으로, 응암역과 새절역, 불광천 주변에 주거지와 상업시설이 발달해 있다. 응암오거리와 전통시장, 생활 편의시설이 밀집해 지역 주민의 일상 이용이 활발한 생활 중심지다."
은평구,증산동,"증산동은 은평구 남서부에 위치한 법정동으로, 증산역과 디지털미디어시티역 생활권에 가깝다. 불광천과 인접해 주거 환경이 쾌적하고, 상암DMC와 연결성이 좋아 서북권 업무·문화권의 배후 주거지 성격도 가진다."
은평구,진관동,"진관동은 은평구 북서부에 위치한 법정동으로, 은평뉴타운과 북한산 자락을 중심으로 형성된 대규모 주거 지역이다. 구파발역, 은평한옥마을, 진관사, 롯데몰 은평 등이 가까워 주거·상업·문화·자연 자원이 풍부하다."
종로구,계동,"계동은 북촌과 창덕궁 사이에 위치한 법정동으로, 계동길을 중심으로 한옥과 공방, 카페가 이어진다. 현대적 상점과 전통 주거 경관이 함께 남아 있어 북촌 생활권의 차분한 문화 분위기가 두드러진다."
종로구,묘동,"묘동은 종로3가와 낙원동 인근에 자리한 소규모 도심 법정동이다. 지하철 접근성이 좋고, 귀금속·악기·음식점 상권과 가까워 오래된 도심 상업 기능과 유동인구가 함께 나타나는 지역이다."
종로구,재동,"재동은 북촌과 안국역 사이에 위치한 법정동으로, 헌법재판소와 학교, 전통 한옥 경관이 인접해 있다. 창덕궁·경복궁 사이의 역사 축에 놓여 조용한 주거지와 문화 자원이 공존하는 지역이다."
종로구,평동,"평동은 서대문역 인근에 위치한 법정동으로, 강북삼성병원과 경희궁, 서울역사박물관 일대와 가깝다. 업무시설과 의료시설, 도심 주거 기능이 함께 나타나며 광화문·서대문 생활권을 연결한다."
종로구,화동,"화동은 북촌과 삼청동 사이에 위치한 법정동으로, 정독도서관과 갤러리, 한옥 골목이 가까운 지역이다. 경복궁 동쪽의 역사 경관과 문화시설, 카페·상점이 어우러져 도심 산책지 성격이 강하다."
종로구,가회동,"가회동은 북촌 한옥마을을 대표하는 법정동으로, 경복궁과 창덕궁 사이에 위치한다. 전통 한옥, 공방, 박물관, 카페가 밀집해 있으며 서울의 전통 주거 경관과 관광 기능이 뚜렷한 지역이다."
종로구,견지동,"견지동은 인사동과 조계사 인근에 자리한 종로 중심부 법정동이다. 조계사, 우정국로, 종각역 주변 업무지구와 가까워 종교·문화 시설과 오피스, 상업시설이 함께 분포하는 도심 지역이다."
종로구,경운동,"경운동은 안국역과 인사동 사이에 위치한 법정동으로, 운현궁과 천도교 중앙대교당 등 근대 문화유산이 가깝다. 전통문화 상권과 업무시설, 역사적 건축물이 함께 나타나는 원도심 지역이다."
종로구,공평동,"공평동은 종각역과 청계천 사이에 위치한 도심 법정동이다. 대형 오피스와 금융·업무시설, 음식점이 밀집해 직장인 유동인구가 많으며, 종로 중심 상권과 광화문 업무지구를 잇는 입지를 가진다."
종로구,관수동,"관수동은 청계천과 종로3가역 인근에 위치한 법정동으로, 세운상가와 을지로 상권이 가깝다. 소규모 제조·상업 업종과 음식점, 숙박시설이 분포해 오래된 도심 산업지의 성격이 남아 있다."
종로구,관철동,"관철동은 종각역과 청계천 사이의 젊은 상권이 발달한 법정동이다. 보신각, 젊음의거리, 음식점과 주점, 업무시설이 밀집해 직장인과 방문객 유동이 많고, 종로 상업지의 활기가 강하다."
종로구,관훈동,"관훈동은 인사동길 중심부에 위치한 법정동으로, 전통 공예품점, 갤러리, 찻집, 기념품 상점이 밀집해 있다. 국내외 방문객이 많은 문화관광 지역이며, 조계사와 안국역 접근성도 좋다."
종로구,교남동,"교남동은 서대문역과 독립문 사이에 위치한 법정동으로, 경희궁과 돈의문박물관마을, 학교와 주거지가 가깝다. 역사 자원과 도심 주거 기능이 함께 나타나는 종로 서부 생활권이다."
종로구,교북동,"교북동은 독립문역과 서대문역 사이에 자리한 소규모 법정동이다. 경희궁, 돈의문박물관마을, 인왕산 방면과 가까우며, 도심 업무지구와 주거지가 맞닿은 차분한 생활권 성격을 보인다."
종로구,구기동,"구기동은 북한산 남쪽 자락에 위치한 법정동으로, 평창동·부암동과 인접한다. 구기터널과 북한산 등산로, 주택지와 종교시설이 분포해 자연환경과 조용한 주거 분위기가 강한 지역이다."
종로구,궁정동,"궁정동은 청와대와 경복궁 북쪽에 인접한 소규모 법정동이다. 북악산과 청운동 생활권이 가깝고, 국가 주요 시설과 저층 주거지가 함께 놓여 있어 도심 속 역사·행정적 상징성이 큰 지역이다."
종로구,권농동,"권농동은 창덕궁과 종묘 사이에 위치한 법정동으로, 원남동·와룡동과 가까운 도심 지역이다. 궁궐과 한옥 골목, 소규모 상가와 업무시설이 인접해 역사 경관과 생활 기능이 함께 나타난다."
종로구,낙원동,"낙원동은 종로3가역과 인사동 사이에 위치한 법정동으로, 낙원상가와 음식점, 숙박시설이 밀집해 있다. 악기상가와 오래된 상업지 이미지가 뚜렷하며, 종묘·탑골공원과도 가까운 지역이다."
종로구,내수동,"내수동은 광화문과 경희궁 사이에 위치한 법정동으로, 정부서울청사와 세종문화회관, 대형 오피스가 가깝다. 업무시설과 주거시설, 문화시설이 공존하는 도심 서부의 중심 생활권이다."
종로구,내자동,"내자동은 경복궁 서쪽과 사직동 사이에 위치한 법정동이다. 정부청사, 세종문화회관, 사직단과 가까우며, 오피스와 음식점, 저층 주거지가 함께 분포하는 광화문 배후 도심 지역이다."
종로구,누상동,"누상동은 인왕산 동쪽 자락에 위치한 법정동으로, 옥인동·필운동과 인접한 서촌 생활권이다. 골목형 주거지와 카페, 작은 상점이 이어지며, 인왕산 산책로와 경복궁 서쪽 문화권이 가깝다."
종로구,누하동,"누하동은 서촌 중심부에 자리한 법정동으로, 경복궁 서쪽과 통인시장 일대가 가깝다. 한옥과 저층 주택, 공방, 카페가 어우러져 전통 주거지와 생활 상권이 함께 남아 있는 지역이다."
종로구,당주동,"당주동은 광화문역과 세종대로 인근에 위치한 법정동이다. 세종문화회관, 정부서울청사, 오피스 빌딩과 음식점이 밀집해 업무 기능이 강하며, 광화문광장과 경복궁 접근성도 뛰어나다."
종로구,도렴동,"도렴동은 광화문 업무지구 중심부에 위치한 법정동으로, 정부서울청사와 외교부, 세종대로가 가깝다. 대형 업무시설과 호텔, 음식점이 밀집해 행정·외교·상업 기능이 복합된 도심 지역이다."
종로구,돈의동,"돈의동은 종로3가와 익선동 인근에 자리한 법정동이다. 지하철 환승 접근성이 좋고, 오래된 골목 상권과 음식점, 숙박시설이 분포해 종로 원도심의 상업·생활 기능이 두드러진다."
종로구,동숭동,"동숭동은 대학로 중심부에 위치한 법정동으로, 혜화역과 마로니에공원, 공연장, 소극장이 밀집해 있다. 문화예술 활동과 대학가 상권이 활발하며, 성균관대와 서울대병원도 가까운 지역이다."
종로구,무악동,"무악동은 인왕산 서쪽과 독립문역 인근에 위치한 법정동이다. 독립문공원, 서대문형무소역사관, 아파트 단지가 가까워 역사 자원과 주거 기능, 산지 경관이 함께 나타나는 지역이다."
종로구,봉익동,"봉익동은 종로3가와 인사동 사이에 위치한 소규모 법정동이다. 귀금속 상권과 음식점, 업무시설이 밀집해 있으며, 종로3가역과 낙원상가, 탑골공원 접근성이 좋은 도심 상업 지역이다."
종로구,부암동,"부암동은 인왕산과 북악산 사이에 위치한 법정동으로, 창의문과 백사실계곡, 석파정이 가깝다. 저층 주거지와 카페, 갤러리가 어우러져 자연 경관과 문화적 분위기가 강한 지역이다."
종로구,사간동,"사간동은 경복궁 동쪽과 국립현대미술관 서울관 인근에 위치한 법정동이다. 삼청동길과 북촌, 갤러리 상권이 가까워 미술관, 전시공간, 카페가 밀집한 문화관광 지역이다."
종로구,사직동,"사직동은 경복궁 서쪽과 사직단 일대에 위치한 법정동이다. 사직공원, 정부청사, 세종문화회관, 경희궁 접근성이 좋고, 역사시설과 업무시설, 주거지가 함께 분포하는 도심 지역이다."
종로구,삼청동,"삼청동은 경복궁 동쪽과 북악산 남쪽에 위치한 법정동이다. 삼청동길을 중심으로 갤러리, 박물관, 카페와 음식점이 이어지며, 북촌과 청와대 인근 경관이 어우러진 대표 문화 산책지다."
종로구,서린동,"서린동은 종각역과 청계천 인근에 위치한 법정동으로, 대형 오피스와 금융·업무시설이 밀집한 지역이다. 광화문과 을지로 사이에 자리해 직장인 유동인구가 많고 도심 상업 기능이 강하다."
종로구,세종로,"세종로은 광화문광장과 경복궁 남측을 포함하는 상징성이 큰 법정동이다. 세종문화회관, 정부서울청사, 주요 행정·문화시설이 밀집해 서울 도심의 행정, 역사, 관광 기능이 집중된 지역이다."
종로구,소격동,"소격동은 경복궁 동쪽과 삼청동 사이에 위치한 법정동이다. 국립현대미술관 서울관, 갤러리, 한옥과 카페가 가깝고, 궁궐 경관과 현대 문화시설이 결합된 조용한 문화 산책지이다."
종로구,송월동,"송월동은 경희궁과 서울역사박물관 인근에 위치한 법정동이다. 서대문역, 정동, 광화문 방면 접근성이 좋고, 교육시설과 업무시설, 주거 기능이 함께 나타나는 도심 서부 지역이다."
종로구,송현동,"송현동은 경복궁 동쪽과 안국역 사이에 위치한 법정동이다. 열린송현녹지광장과 북촌, 인사동, 미술관이 가까워 도심 속 개방 공간과 문화관광 동선이 만나는 지역이다."
종로구,수송동,"수송동은 종로구청과 조계사 인근에 위치한 법정동이다. 종각역과 안국역 사이의 업무지구에 자리하며, 행정기관, 오피스, 종교시설, 음식점이 밀집한 종로 중심부 생활권이다."
종로구,숭인동,"숭인동은 종로구 동쪽 동묘앞역과 신설동역 일대에 걸친 법정동이다. 동묘시장, 청계천, 소규모 상가와 주거지가 밀집해 있으며, 도심 동북부의 생활상권과 교통 접근성이 두드러진다."
종로구,신교동,"신교동은 경복궁 서북쪽과 청운동 생활권 사이에 위치한 법정동이다. 청와대 인근의 조용한 주거지와 학교, 문화시설이 분포하며, 인왕산과 북악산 경관을 가까이 접할 수 있는 지역이다."
종로구,신영동,"신영동은 종로구 북서부 북한산과 북악산 사이에 위치한 법정동이다. 세검정로와 홍지문, 평창동·부암동 생활권이 가깝고, 자연환경과 저층 주거지가 어우러진 한적한 주거 지역이다."
종로구,안국동,"안국동은 안국역과 북촌 입구에 위치한 법정동이다. 창덕궁, 운현궁, 인사동, 북촌 한옥마을과 가까워 전통문화 관광의 관문 역할을 하며, 학교와 상업시설도 함께 분포한다."
종로구,연건동,"연건동은 대학로 남쪽과 서울대학교병원 일대에 위치한 법정동이다. 의료시설과 연구·교육 기능이 강하고, 혜화역·종로5가역 접근성이 좋아 대학로 문화권과 도심 생활권을 연결한다."
종로구,연지동,"연지동은 종로5가와 대학로 사이에 위치한 법정동이다. 의료·업무시설, 음식점, 중소 상가가 분포하며, 종묘와 서울대병원, 광장시장과 가까워 도심 생활 편의성이 높은 지역이다."
종로구,예지동,"예지동은 종로5가와 을지로4가 사이에 위치한 소규모 법정동이다. 세운상가, 광장시장, 청계천과 가까우며, 시계·부품·소규모 제조 상권 등 오래된 도심 산업 기능이 남아 있다."
종로구,옥인동,"옥인동은 인왕산 아래 서촌 생활권에 위치한 법정동이다. 수성동계곡, 박노수미술관, 통인시장과 가까우며, 골목형 주거지와 카페, 문화시설이 어우러진 조용한 도심 주거 지역이다."
종로구,와룡동,"와룡동은 창덕궁 서쪽과 종묘 북쪽에 위치한 법정동이다. 궁궐과 한옥 골목, 학교와 소규모 상가가 가까워 역사 경관과 생활 기능이 함께 나타나며, 안국역과 종로3가역 접근성도 좋다."
종로구,운니동,"운니동은 운현궁과 안국역 인근에 위치한 법정동이다. 창덕궁, 인사동, 북촌과 가까운 역사문화 지역으로, 전통 건축물과 업무시설, 교육시설, 음식점이 함께 분포하는 원도심 생활권이다."
종로구,원남동,"원남동은 창경궁과 서울대병원 인근에 위치한 법정동이다. 대학로, 종묘, 종로5가 상권과 가까우며, 의료시설과 소규모 업무시설, 음식점이 어우러진 도심 동부 생활권이다."
종로구,원서동,"원서동은 창덕궁과 북촌 사이에 위치한 법정동이다. 궁궐 담장길과 한옥 주거지, 공방과 카페가 인접해 있으며, 조용한 골목 경관과 역사성이 강한 북촌 생활권을 이룬다."
종로구,이화동,"이화동은 낙산공원과 대학로 인근에 위치한 법정동이다. 이화벽화마을, 한양도성길, 소극장과 카페가 가까워 주거지와 문화관광 동선이 함께 형성된 종로 동부 지역이다."
종로구,익선동,"익선동은 종로3가역 인근에 위치한 법정동으로, 한옥 골목을 활용한 음식점과 카페, 상점이 밀집해 있다. 전통적 골목 경관과 현대적 상권이 결합되어 젊은 방문객이 많은 지역이다."
종로구,인사동,"인사동은 전통문화 거리로 알려진 법정동이다. 인사동길을 중심으로 갤러리, 공예품점, 전통 찻집과 음식점이 밀집해 있으며, 조계사와 안국역, 종각역이 가까운 대표 문화관광 지역이다."
종로구,인의동,"인의동은 종로5가와 종묘 인근에 위치한 법정동이다. 의료·상업시설과 업무시설이 분포하고, 광장시장과 대학로 남측 접근성이 좋아 전통시장과 도심 생활 기능이 맞닿은 지역이다."
종로구,장사동,"장사동은 청계천과 세운상가 일대에 위치한 법정동이다. 전자·부품·공구 관련 소규모 상가와 도심 제조업 기반이 남아 있으며, 을지로와 종로를 연결하는 산업·상업 지역이다."
종로구,적선동,"적선동은 경복궁역과 광화문 사이에 위치한 법정동이다. 정부서울청사, 사직단, 세종문화회관과 가까워 행정·업무 기능이 강하며, 궁궐과 도심 상권을 잇는 입지를 갖는다."
종로구,중학동,"중학동은 경복궁 동쪽과 안국역 인근에 위치한 법정동이다. 학교와 문화시설, 북촌·삼청동 상권이 가까우며, 궁궐 주변의 역사 경관과 도심 생활 기능이 함께 나타나는 지역이다."
종로구,창성동,"창성동은 경복궁 서쪽 서촌 생활권에 위치한 법정동이다. 통의동, 효자동, 청와대 인근과 가까우며, 저층 주거지와 카페, 작은 상점이 어우러져 차분한 골목 분위기가 남아 있다."
종로구,창신동,"창신동은 동대문과 낙산 사이에 위치한 법정동이다. 봉제산업 골목, 창신역, 동대문시장, 낙산공원이 가까워 도심 산업 기능과 주거지, 역사 산책로가 함께 나타나는 지역이다."
종로구,청운동,"청운동은 인왕산과 북악산 사이에 위치한 법정동으로, 청와대 북서쪽 생활권에 속한다. 저층 주거지와 학교, 산책로가 분포하며, 도심과 자연 경관이 가까운 조용한 주거 지역이다."
종로구,청진동,"청진동은 종각역과 광화문 사이에 위치한 도심 법정동이다. 대형 업무시설과 음식점, 청진상점가가 밀집해 직장인 유동인구가 많으며, 청계천과 광화문광장 접근성이 좋다."
종로구,체부동,"체부동은 경복궁 서쪽 서촌에 위치한 법정동이다. 체부동 생활문화지원센터, 통인시장, 경복궁역과 가깝고, 한옥과 저층 주거지, 카페와 공방이 어우러진 생활형 문화 지역이다."
종로구,충신동,"충신동은 낙산공원 남쪽과 대학로 인근에 위치한 법정동이다. 한양도성길과 이화동, 동대문 방면 접근성이 좋고, 경사지 주거지와 소규모 상권이 함께 분포하는 지역이다."
종로구,통의동,"통의동은 경복궁 서쪽과 청와대 사랑채 인근에 위치한 법정동이다. 서촌 골목과 갤러리, 카페, 공공문화시설이 가까워 전통 주거지와 문화관광 기능이 함께 나타나는 지역이다."
종로구,통인동,"통인동은 서촌 중심부 통인시장 일대에 위치한 법정동이다. 경복궁역과 인왕산 방면이 가깝고, 전통시장, 한옥 골목, 카페와 음식점이 어우러져 생활상권과 관광 기능이 공존한다."
종로구,팔판동,"팔판동은 삼청동과 경복궁 동쪽 사이에 자리한 소규모 법정동이다. 갤러리, 카페, 한옥과 저층 상점이 인접해 있으며, 북촌과 삼청동을 잇는 조용한 문화 산책 동선에 속한다."
종로구,평창동,"평창동은 북한산 남쪽 자락에 위치한 넓은 법정동이다. 고급 주택지, 미술관, 갤러리, 등산로가 분포하며, 구기동·부암동과 함께 자연환경과 문화시설이 돋보이는 종로 북부 지역이다."
종로구,필운동,"필운동은 경복궁 서쪽 서촌 생활권에 위치한 법정동이다. 배화여자대학교, 사직공원, 통인시장과 가까우며, 저층 주거지와 학교, 카페가 함께 형성된 차분한 도심 주거 지역이다."
종로구,행촌동,"행촌동은 인왕산 남쪽과 독립문역 인근에 위치한 법정동이다. 경희궁, 사직단, 독립문공원과 가까우며, 산지 경관과 오래된 주거지가 함께 나타나는 종로 서부 생활권이다."
종로구,혜화동,"혜화동은 대학로 북쪽과 성균관대학교 인근에 위치한 법정동이다. 혜화역, 서울대학교병원, 공연장과 카페가 가까워 교육·의료·문화 기능이 결합된 활기 있는 지역이다."
종로구,홍지동,"홍지동은 종로구 북서쪽 세검정과 홍지문 인근에 위치한 법정동이다. 북한산과 북악산 자락의 자연환경이 가깝고, 주거지와 산책로, 문화유산이 어우러진 한적한 생활권이다."
종로구,홍파동,"홍파동은 경희궁과 독립문 사이에 위치한 소규모 법정동이다. 서대문역과 독립문역 접근성이 좋고, 학교와 주거지, 역사문화 시설이 인접해 도심 서부의 생활 편의성이 높은 지역이다."
종로구,효자동,"효자동은 경복궁 서북쪽과 청와대 인근에 위치한 법정동이다. 서촌 골목, 청와대 사랑채, 인왕산 산책로가 가까우며, 저층 주거지와 문화시설, 카페가 함께 나타나는 지역이다."
종로구,효제동,"효제동은 종로5가와 대학로 사이에 위치한 법정동이다. 창경궁, 서울대병원, 광장시장 접근성이 좋고, 주거지와 의료·상업시설이 혼재해 도심 생활권의 성격을 보인다."
종로구,훈정동,"훈정동은 종묘와 종로3가 사이에 위치한 법정동이다. 종묘 담장길, 낙원동, 익선동과 가까우며, 역사문화 자원과 음식점·상업시설이 함께 분포하는 원도심 지역이다."
종로구,신문로1가,"신문로1가은 광화문과 경희궁 사이에 위치한 법정동이다. 세종문화회관, 서울역사박물관, 대형 업무시설과 호텔이 가까워 행정·문화·업무 기능이 집중된 도심 핵심 지역이다."
종로구,명륜1가,"명륜1가은 성균관대학교와 혜화동 생활권에 인접한 법정동이다. 대학가 주거지와 학교, 소규모 음식점·상점이 분포하며, 대학로 문화권과 성북동 방면을 연결하는 지역이다."
종로구,종로1가,"종로1가은 종각역과 보신각 일대에 위치한 법정동이다. 대형 오피스, 금융시설, 음식점과 상업시설이 밀집해 직장인 유동인구가 많으며, 청계천과 광화문 접근성이 좋은 도심 지역이다."
종로구,신문로2가,"신문로2가은 경희궁과 서울역사박물관 인근에 위치한 법정동이다. 광화문 업무지구와 정동, 서대문역이 가까우며, 문화시설과 업무시설, 호텔이 함께 분포하는 도심 서부 지역이다."
종로구,명륜2가,"명륜2가은 혜화역과 성균관대학교 주변 생활권에 위치한 법정동이다. 대학가 주거지와 음식점, 카페, 학원과 소규모 상점이 분포해 교육·문화 분위기가 강한 지역이다."
종로구,종로2가,"종로2가은 종각역과 인사동 사이에 위치한 법정동이다. 보신각, 젊음의거리, 청계천과 가까우며, 음식점과 상업시설, 업무시설이 밀집한 종로 중심 상권의 일부다."
종로구,명륜3가,"명륜3가은 성균관대학교 캠퍼스와 가까운 대학가 법정동이다. 혜화역, 대학로, 성북동 방면 접근성이 좋고, 학생 주거지와 음식점, 카페가 형성되어 교육·생활 기능이 두드러진다."
종로구,종로3가,"종로3가역 환승역을 중심으로 한 법정동이다. 익선동, 낙원동, 탑골공원, 귀금속 상권과 음식점이 밀집해 전통 상권과 관광 동선이 함께 나타나는 원도심 지역이다."
종로구,명륜4가,"명륜4가은 성균관대학교와 대학로 사이에 위치한 법정동이다. 혜화역 접근성이 좋고, 대학가 상권과 주거지, 공연·문화시설이 인접해 젊은 유동인구가 많은 생활권이다."
종로구,종로4가,"종로4가은 종로5가와 종로3가 사이에 위치한 법정동이다. 귀금속·의료·상업시설과 음식점이 분포하고, 종묘와 광장시장 접근성이 좋아 오래된 도심 상권의 성격이 강하다."
종로구,종로5가,"종로5가은 광장시장과 종로5가역 일대에 위치한 법정동이다. 전통시장, 약국거리, 의료·도매 상권이 밀집해 있으며, 동대문과 대학로를 잇는 교통·상업 거점 역할을 한다."
종로구,종로6가,"종로6가은 동대문역과 종로5가역 사이에 위치한 법정동이다. 동대문종합시장, 광장시장, 의류·원단 상권과 가까우며, 전통 도매상권과 교통 접근성이 두드러지는 지역이다."
중랑구,묵동,"묵동은 서울 중랑구 북서부에 위치한 법정동으로, 먹골역과 태릉입구역, 중랑천과 봉화산 생활권에 가깝다. 아파트 단지와 학교, 근린상권이 발달해 있으며 하천과 공원 접근성이 좋아 주거지 성격이 강한 지역이다."
중랑구,망우동,"망우동은 중랑구 동쪽에 위치한 법정동으로, 망우역과 상봉역, 망우산·용마산 일대와 인접한다. 철도 교통과 산지 녹지, 주거지가 함께 형성되어 있으며 망우역사문화공원 등 역사·휴식 자원도 가까운 지역이다."
중랑구,면목동,"면목동은 중랑구 남부에 넓게 자리한 법정동으로, 면목역·사가정역·용마산역 생활권을 포함한다. 중랑천과 용마산 사이에 주거지와 골목상권, 학교가 밀집해 있으며 오래된 생활 기반과 교통 접근성을 갖춘 지역이다."
중랑구,상봉동,"상봉동은 중랑구 중앙부에 위치한 법정동으로, 상봉역과 망우역을 중심으로 교통과 상업 기능이 발달했다. 경의중앙선, 경춘선, 지하철 7호선 접근성이 좋고 쇼핑시설, 업무시설, 주거지가 함께 분포하는 중심 생활권이다."
중랑구,신내동,"신내동은 중랑구 북동부에 위치한 법정동으로, 신내역과 봉화산역, 서울의료원, 대규모 아파트 단지가 자리한다. 공공시설과 학교, 공원 녹지가 잘 갖춰져 있으며 계획적 주거지 성격이 강한 중랑구 북부 생활권이다."
중랑구,중화동,"중화동은 중랑구 서부 중랑천 인근에 위치한 법정동이다. 중화역과 중랑역 접근성이 좋고, 하천 산책로와 주거지, 근린상권이 함께 형성되어 있다. 동대문구와 맞닿은 입지로 도심 및 동북권 이동이 비교적 편리한 지역이다."
동대문구,신설동,"신설동은 동대문구 서남단에 위치한 법정동으로, 신설동역과 청계천, 동묘앞역 일대와 가깝다. 지하철 환승과 버스 이용이 편리하고, 업무시설과 상업시설, 소규모 주거지가 함께 분포해 도심 진입성이 높은 지역이다."
동대문구,용두동,"용두동은 동대문구 서남부에 위치한 법정동으로, 제기동역과 용두역, 청계천 일대와 인접하다. 전통시장과 주거지, 관공서, 생활상권이 함께 형성되어 있으며, 청량리와 동대문 도심 생활권을 연결하는 입지를 가진다."
동대문구,이문동,"이문동은 동대문구 동북부에 위치한 법정동으로, 외대앞역과 신이문역, 한국외국어대학교 일대가 가깝다. 대학가 상권과 학생 주거, 재개발 지역, 기존 주거지가 함께 나타나며 동북권 생활권의 성격이 강하다."
동대문구,장안동,"장안동은 동대문구 동남부에 위치한 법정동으로, 장한평역과 중랑천, 장안사거리 일대와 인접하다. 아파트와 다세대주택, 상가, 병원, 학원 등이 고르게 분포해 주거와 생활상권이 함께 발달한 지역이다."
동대문구,전농동,"전농동은 동대문구 중심부에 위치한 법정동으로, 청량리역과 서울시립대학교, 배봉산근린공원 일대와 가깝다. 주거지와 대학 배후 상권, 공원과 학교가 함께 자리해 교통 접근성과 생활 편의성이 높은 지역이다."
동대문구,제기동,"제기동은 동대문구 서쪽에 위치한 법정동으로, 제기동역과 서울약령시장, 청량리종합시장 일대와 인접하다. 한약재 상권과 전통시장, 주거지가 어우러져 오래된 상업 기능과 생활문화가 뚜렷한 지역이다."
동대문구,회기동,"회기동은 동대문구 북동부에 위치한 법정동으로, 회기역과 경희대학교, 한국외국어대학교, 서울시립대학교와 가깝다. 대학가 음식점과 카페, 원룸 주거지가 밀집해 젊은 유동인구가 많은 지역이다."
동대문구,휘경동,"휘경동은 동대문구 동북부에 위치한 법정동으로, 회기역과 외대앞역, 중랑천 일대와 인접한다. 대학가와 주거지가 맞닿아 있으며, 아파트와 학교, 생활상권이 함께 형성되어 교육·주거 기능이 두드러진다."
동대문구,답십리동,"답십리동은 동대문구 남부에 위치한 법정동으로, 답십리역과 청계천, 장한평역 일대와 가깝다. 아파트와 다세대주택, 학교, 근린상권이 고르게 분포하며, 도심과 동부권을 잇는 주거 생활권으로 기능한다."
동대문구,청량리동,"청량리동은 동대문구 중심 교통축에 위치한 법정동으로, 청량리역과 청량리종합시장, 대형 상업시설이 밀집해 있다. 철도·지하철·버스 접근성이 우수하고, 전통시장과 업무·상업 기능이 함께 발달한 지역이다."
영등포구,당산동,"당산동은 영등포구 북부 한강변에 가까운 법정동으로, 당산역과 영등포구청역을 중심으로 교통 접근성이 좋다. 아파트 단지, 오피스, 근린상권이 함께 발달했으며, 여의도와 합정·목동 방면을 잇는 생활권 성격이 강하다."
영등포구,대림동,"대림동은 영등포구 남동부에 위치한 법정동으로, 대림역과 구로디지털단지역 생활권에 가깝다. 주거지와 상업시설, 시장, 다양한 음식점이 밀집해 생활상권이 활발하며, 구로·신도림 방면과 연결되는 교통 입지를 가진다."
영등포구,도림동,"도림동은 영등포구 동남부에 위치한 법정동으로, 도림천과 신도림 생활권에 인접한다. 주거지와 학교, 근린상권이 함께 분포하며, 영등포 중심지와 구로 방면 접근성이 좋아 실생활 중심의 주거 지역으로 자리한다."
영등포구,신길동,"신길동은 영등포구 남부에 넓게 자리한 법정동으로, 신길역·대방역·신풍역 등 여러 교통축과 연결된다. 여의도와 영등포 도심 접근성이 좋고, 아파트 단지와 학교, 생활상권이 분포해 주거 기능이 강한 지역이다."
영등포구,양평동,"양평동은 영등포구 서북부에 위치한 법정동으로, 안양천과 한강, 선유도 일대와 가깝다. 양평역과 선유도역, 영등포구청역 접근성이 좋고, 준공업지역과 업무시설, 주거지가 혼재한 복합 생활권이다."
영등포구,양화동,"양화동은 영등포구 북서부 한강변에 위치한 소규모 법정동이다. 선유도공원과 양화한강공원, 성산대교 일대와 가까워 수변 경관과 여가 기능이 두드러진다. 당산·양평 생활권과 연결되는 조용한 한강 인접 지역이다."
영등포구,여의도동,"여의도동은 한강에 둘러싸인 서울의 대표 금융·정치·업무 중심지이다. 국회의사당, 금융기관, 방송사, 여의도공원과 한강공원이 자리하며, 대형 오피스와 상업시설, 주거단지가 함께 발달한 상징성이 큰 지역이다."
영등포구,영등포동,"영등포동은 영등포역과 영등포시장 일대를 중심으로 한 영등포구의 대표 도심 법정동이다. 철도와 지하철, 버스 교통이 발달했고, 대형 쇼핑시설과 전통시장, 음식점, 업무시설이 밀집해 유동인구가 많은 지역이다."
영등포구,영등포동1가,"영등포동1가는 영등포역과 영등포시장 인근에 위치한 도심 법정동이다. 상업시설과 업무시설, 음식점이 가까이 분포하며, 영등포 중심 상권과 철도 교통을 이용하기 편리하다. 오래된 도심 상업지의 성격이 강하다."
영등포구,당산동1가,"당산동1가는 영등포구청역과 당산동 생활권에 가까운 법정동이다. 주거지와 소규모 상업시설, 업무시설이 함께 분포하며, 영등포구청과 문래·영등포 방면 접근성이 좋다. 생활 편의성과 도심 접근성이 결합된 지역이다."
영등포구,문래동1가,"문래동1가는 문래동 일대의 동쪽에 자리한 법정동으로, 문래역과 영등포역 생활권에 가깝다. 기존 공업·제조업 기반과 주거지, 소규모 상권이 함께 남아 있으며, 문래창작촌과 가까운 도심 복합지역이다."
영등포구,양평동1가,"양평동1가는 영등포구청역과 양평역 사이 생활권에 위치한 법정동이다. 준공업지역과 주거지, 사무시설이 혼재하며, 안양천과 문래·당산 방면 접근성이 좋다. 영등포 서북부의 실용적인 업무·주거 배후지 성격을 지닌다."
영등포구,영등포동2가,"영등포동2가는 영등포역과 영등포시장 주변 도심 상권에 가까운 법정동이다. 음식점, 숙박시설, 상업시설, 소규모 업무시설이 밀집해 유동인구가 많고, 철도와 지하철 접근성을 바탕으로 중심 상업지 기능을 보인다."
영등포구,당산동2가,"당산동2가는 영등포구청역과 문래동, 당산동 생활권이 만나는 위치에 있는 법정동이다. 주거지와 업무시설, 근린상권이 함께 형성되어 있으며, 영등포 중심지와 한강변 지역으로 이동하기 편리한 도심 배후 생활권이다."
영등포구,문래동2가,"문래동2가는 문래역과 영등포역 사이에 위치한 법정동으로, 과거 공업지대의 흔적과 상업·주거 기능이 함께 나타난다. 철공소와 소규모 제조업, 음식점, 문화공간이 인접해 문래동 특유의 복합적 분위기를 형성한다."
영등포구,양평동2가,"양평동2가는 양평역과 영등포구청역 생활권에 가까운 법정동이다. 안양천과 서부간선도로, 목동 방면 접근성이 좋고, 업무시설과 주거지, 준공업 시설이 혼재한다. 영등포 서쪽 교통·업무 배후지로 볼 수 있다."
영등포구,영등포동3가,"영등포동3가는 영등포역, 영등포시장, 타임스퀘어 일대와 가까운 법정동이다. 상업시설과 음식점, 업무시설이 밀집해 영등포 중심 상권의 활기가 두드러지며, 대중교통 접근성이 좋아 방문객과 직장인 유동이 많은 지역이다."
영등포구,당산동3가,"당산동3가는 당산역과 영등포구청역 사이 생활권에 위치한 법정동이다. 아파트와 오피스, 근린상권이 분포하고, 한강과 여의도, 문래동 방면 접근성이 좋다. 주거와 업무 기능이 함께 나타나는 당산권 중심 지역이다."
영등포구,문래동3가,"문래동3가는 문래역 주변에 자리한 법정동으로, 문래창작촌과 기존 철공·제조업 공간이 잘 알려져 있다. 카페, 공방, 음식점과 아파트 단지가 함께 분포해 산업유산과 생활문화가 공존하는 복합 지역이다."
영등포구,양평동3가,"양평동3가는 양평역과 선유도역 사이에 위치한 법정동이다. 안양천과 한강, 선유도공원 접근성이 좋고, 업무시설과 지식산업 관련 공간, 주거지가 함께 형성되어 있다. 수변 자원과 도시 기능이 결합된 지역이다."
영등포구,영등포동4가,"영등포동4가는 영등포역과 대형 상업시설, 영등포시장 일대와 가까운 법정동이다. 쇼핑·외식·업무 기능이 밀집해 구의 중심 상권 역할을 하며, 철도와 지하철, 버스 교통이 편리해 유동인구가 많은 지역이다."
영등포구,당산동4가,"당산동4가는 당산역과 영등포구청역을 이용하기 좋은 법정동이다. 아파트 단지, 오피스, 근린생활시설이 함께 분포하며, 한강공원과 여의도, 목동 방면 접근성도 좋다. 주거와 업무 수요가 함께 나타나는 지역이다."
영등포구,문래동4가,"문래동4가는 문래동 생활권에 위치한 법정동으로, 문래역과 영등포역 방면 접근성이 좋다. 기존 공업지대와 주거지, 상업시설이 혼재하며, 문래창작촌과 가까워 산업 공간과 문화 활동이 함께 나타나는 지역이다."
영등포구,양평동4가,"양평동4가는 선유도역과 안양천, 한강변 생활권에 가까운 법정동이다. 준공업지역과 지식산업센터, 주거단지가 혼재해 업무와 생활 기능이 함께 형성되어 있다. 선유도공원 접근성이 좋은 서북부 지역이다."
영등포구,영등포동5가,"영등포동5가는 영등포시장과 영등포역 일대에 가까운 법정동이다. 오래된 상업시설과 음식점, 숙박·업무 기능이 분포하며, 중심 상권의 배후지 역할을 한다. 교통 접근성이 좋아 생활과 상업 활동이 활발한 지역이다."
영등포구,당산동5가,"당산동5가는 당산역 주변 생활권에 위치한 법정동으로, 지하철 2호선과 9호선 이용이 편리하다. 한강공원, 여의도, 합정 방면 접근성이 좋고, 아파트와 오피스, 상업시설이 함께 자리한 교통 중심 생활권이다."
영등포구,문래동5가,"문래동5가는 문래역과 도림천, 영등포 생활권에 가까운 법정동이다. 아파트 단지와 제조업 기반 시설, 생활상권이 함께 분포하며, 문래창작촌과 인접해 주거·산업·문화 기능이 공존하는 지역이다."
영등포구,양평동5가,"양평동5가는 선유도역과 양평역 사이에 위치한 법정동으로, 안양천과 한강 접근성이 좋다. 업무시설, 지식산업센터, 주거지가 함께 형성되어 있으며, 목동·당산·여의도 방면 이동이 편리한 서북부 생활권이다."
영등포구,영등포동6가,"영등포동6가는 영등포시장과 영등포역 주변 상권에 가까운 법정동이다. 전통시장, 음식점, 소규모 상업시설과 업무시설이 분포하며, 중심 상업지의 활기와 오래된 도심 생활권의 성격이 함께 나타난다."
영등포구,당산동6가,"당산동6가는 한강과 가까운 당산역 주변 법정동이다. 지하철 환승 편의성이 높고, 여의도·합정·목동 방면 이동이 수월하다. 아파트와 오피스, 근린상권이 함께 자리해 주거와 업무 배후지 성격을 모두 갖는다."
영등포구,문래동6가,"문래동6가는 문래역과 안양천, 도림천 생활권에 가까운 법정동이다. 아파트와 업무시설, 제조업 기반 공간이 함께 분포하며, 문래동 특유의 산업·주거 혼합성이 나타난다. 영등포와 신도림 접근성도 좋은 편이다."
영등포구,양평동6가,"양평동6가는 선유도와 안양천, 한강변에 가까운 영등포구 서북부 법정동이다. 선유도역 접근성이 좋고, 업무시설과 주거단지, 수변 여가공간이 인접한다. 조용한 주거환경과 도시 업무 기능이 함께 나타나는 지역이다."
영등포구,영등포동7가,"영등포동7가는 영등포시장과 영등포역 서측 생활권에 위치한 법정동이다. 상업시설, 음식점, 업무시설, 주거지가 혼재하며, 영등포 중심지와 여의도 방면 접근성이 좋다. 오래된 도심 생활권의 성격이 이어지는 지역이다."
영등포구,영등포동8가,"영등포동8가는 영등포시장과 당산·문래 생활권 사이에 위치한 법정동이다. 상업시설과 주거지, 업무시설이 혼재하며, 영등포역과 영등포시장 접근성이 좋다. 구 중심 상권의 배후 생활권으로 기능하는 지역이다."
